"Code","Medal"
"AUS","Gold"
"AUS","Bronze"
"AUS","Gold"
"AUS","Bronze"
"AUS","Gold"
"AUS","Bronze"
"AUS","Bronze"
"AUS","Silver"
"AUS","Silver"
"AUS","Bronze"
"AUS","Gold"
"AUS","Bronze"
"AUS","Bronze"
"AUS","Gold"
"AUS","Silver"
"AUT","Bronze"
"AUT","Bronze"
"AUT","Bronze"
"AUT","Silver"
"AUT","Silver"
"AUT","Gold"
"AUT","Silver"
"AUT","Bronze"
"AUT","Silver"
"AUT","Bronze"
"AUT","Bronze"
"AUT","Silver"
"AUT","Gold"
"AUT","Bronze"
"AUT","Bronze"
"AUT","Silver"
"AUT","Bronze"
"AUT","Bronze"
"AUT","Bronze"
"AUT","Gold"
"AUT","Silver"
"AUT","Bronze"
"AUT","Bronze"
"AUT","Gold"
"AUT","Silver"
"AUT","Gold"
"AUT","Gold"
"AUT","Gold"
"AUT","Bronze"
"AUT","Bronze"
"AUT","Bronze"
"AUT","Gold"
"AUT","Silver"
"AUT","Silver"
"AUT","Gold"
"AUT","Bronze"
"AUT","Gold"
"AUT","Gold"
"AUT","Bronze"
"AUT","Gold"
"AUT","Silver"
"AUT","Gold"
"AUT","Bronze"
"AUT","Silver"
"AUT","Silver"
"AUT","Gold"
"AUT","Bronze"
"AUT","Silver"
"AUT","Silver"
"AUT","Bronze"
"AUT","Silver"
"AUT","Silver"
"AUT","Bronze"
"AUT","Bronze"
"AUT","Silver"
"AUT","Silver"
"AUT","Gold"
"AUT","Bronze"
"AUT","Silver"
"AUT","Gold"
"AUT","Silver"
"AUT","Silver"
"AUT","Bronze"
"AUT","Bronze"
"AUT","Silver"
"AUT","Gold"
"AUT","Silver"
"AUT","Bronze"
"AUT","Bronze"
"AUT","Gold"
"AUT","Bronze"
"AUT","Bronze"
"AUT","Silver"
"AUT","Bronze"
"AUT","Bronze"
"AUT","Bronze"
"AUT","Bronze"
"AUT","Gold"
"AUT","Bronze"
"AUT","Gold"
"AUT","Bronze"
"AUT","Silver"
"AUT","Gold"
"AUT","Gold"
"AUT","Bronze"
"AUT","Silver"
"AUT","Bronze"
"AUT","Gold"
"AUT","Gold"
"AUT","Bronze"
"AUT","Bronze"
"AUT","Silver"
"AUT","Bronze"
"AUT","Gold"
"AUT","Silver"
"AUT","Bronze"
"AUT","Bronze"
"AUT","Silver"
"AUT","Bronze"
"AUT","Silver"
"AUT","Silver"
"AUT","Silver"
"AUT","Silver"
"AUT","Gold"
"AUT","Bronze"
"AUT","Gold"
"AUT","Bronze"
"AUT","Bronze"
"AUT","Gold"
"AUT","Silver"
"AUT","Silver"
"AUT","Gold"
"AUT","Silver"
"AUT","Bronze"
"AUT","Silver"
"AUT","Bronze"
"AUT","Bronze"
"AUT","Silver"
"AUT","Silver"
"AUT","Gold"
"AUT","Silver"
"AUT","Silver"
"AUT","Silver"
"AUT","Silver"
"AUT","Gold"
"AUT","Gold"
"AUT","Silver"
"AUT","Silver"
"AUT","Bronze"
"AUT","Gold"
"AUT","Gold"
"AUT","Silver"
"AUT","Silver"
"AUT","Silver"
"AUT","Bronze"
"AUT","Bronze"
"AUT","Gold"
"AUT","Gold"
"AUT","Silver"
"AUT","Silver"
"AUT","Gold"
"AUT","Gold"
"AUT","Bronze"
"AUT","Bronze"
"AUT","Bronze"
"AUT","Gold"
"AUT","Bronze"
"AUT","Gold"
"AUT","Gold"
"AUT","Bronze"
"AUT","Gold"
"AUT","Bronze"
"AUT","Silver"
"AUT","Bronze"
"AUT","Gold"
"AUT","Silver"
"AUT","Bronze"
"AUT","Gold"
"AUT","Gold"
"AUT","Silver"
"AUT","Silver"
"AUT","Bronze"
"AUT","Silver"
"AUT","Silver"
"AUT","Gold"
"AUT","Silver"
"AUT","Bronze"
"AUT","Bronze"
"AUT","Bronze"
"AUT","Bronze"
"AUT","Gold"
"AUT","Gold"
"AUT","Silver"
"AUT","Gold"
"AUT","Gold"
"AUT","Bronze"
"AUT","Bronze"
"AUT","Bronze"
"AUT","Silver"
"AUT","Silver"
"AUT","Gold"
"AUT","Bronze"
"AUT","Bronze"
"AUT","Silver"
"AUT","Silver"
"AUT","Gold"
"AUT","Bronze"
"AUT","Gold"
"AUT","Silver"
"AUT","Silver"
"AUT","Bronze"
"AUT","Gold"
"AUT","Gold"
"AUT","Bronze"
"AUT","Silver"
"AUT","Silver"
"AUT","Gold"
"AUT","Silver"
"AUT","Silver"
"AUT","Bronze"
"AUT","Silver"
"AUT","Silver"
"AUT","Gold"
"AUT","Bronze"
"AUT","Silver"
"AUT","Bronze"
"AUT","Bronze"
"AUT","Gold"
"AUT","Gold"
"AUT","Bronze"
"AUT","Gold"
"AUT","Silver"
"AUT","Bronze"
"AUT","Bronze"
"AUT","Bronze"
"AUT","Gold"
"AUT","Silver"
"AUT","Silver"
"AUT","Silver"
"AUT","Gold"
"AUT","Bronze"
"AUT","Bronze"
"AUT","Gold"
"AUT","Silver"
"AUT","Silver"
"AUT","Silver"
"AUT","Bronze"
"AUT","Bronze"
"AUT","Silver"
"AUT","Silver"
"AUT","Gold"
"AUT","Gold"
"AUT","Bronze"
"AUT","Silver"
"AUT","Silver"
"AUT","Bronze"
"AUT","Bronze"
"AUT","Silver"
"AUT","Bronze"
"AUT","Gold"
"AUT","Silver"
"AUT","Gold"
"AUT","Bronze"
"AUT","Bronze"
"AUT","Gold"
"AUT","Gold"
"AUT","Gold"
"AUT","Bronze"
"AUT","Gold"
"AUT","Silver"
"AUT","Gold"
"AUT","Silver"
"AUT","Gold"
"AUT","Silver"
"AUT","Bronze"
"AUT","Silver"
"AUT","Gold"
"AUT","Bronze"
"AUT","Silver"
"AUT","Silver"
"AUT","Silver"
"AUT","Silver"
"AUT","Bronze"
"AUT","Bronze"
"AUT","Bronze"
"AUT","Silver"
"AUT","Bronze"
"AUT","Silver"
"AUT","Bronze"
"AUT","Silver"
"AUT","Gold"
"AUT","Gold"
"AUT","Gold"
"AUT","Bronze"
"AUT","Gold"
"AUT","Gold"
"AUT","Bronze"
"AUT","Silver"
"AUT","Silver"
"AUT","Bronze"
"BEL","Bronze"
"BEL","Gold"
"BEL","Silver"
"BEL","Bronze"
"BEL","Gold"
"BEL","Bronze"
"BEL","Silver"
"BEL","Bronze"
"BEL","Bronze"
"BEL","Silver"
"BEL","Silver"
"BEL","Bronze"
"BEL","Bronze"
"BLR","Bronze"
"BLR","Gold"
"BLR","Gold"
"BLR","Bronze"
"BLR","Silver"
"BLR","Gold"
"BLR","Gold"
"BLR","Silver"
"BLR","Bronze"
"BLR","Gold"
"BLR","Bronze"
"BLR","Silver"
"BLR","Gold"
"BLR","Bronze"
"BLR","Silver"
"BUL","Bronze"
"BUL","Silver"
"BUL","Bronze"
"BUL","Gold"
"BUL","Silver"
"BUL","Bronze"
"CAN","Bronze"
"CAN","Gold"
"CAN","Gold"
"CAN","Bronze"
"CAN","Silver"
"CAN","Gold"
"CAN","Silver"
"CAN","Silver"
"CAN","Silver"
"CAN","Gold"
"CAN","Silver"
"CAN","Bronze"
"CAN","Silver"
"CAN","Silver"
"CAN","Bronze"
"CAN","Gold"
"CAN","Bronze"
"CAN","Gold"
"CAN","Gold"
"CAN","Bronze"
"CAN","Gold"
"CAN","Silver"
"CAN","Silver"
"CAN","Silver"
"CAN","Silver"
"CAN","Gold"
"CAN","Bronze"
"CAN","Gold"
"CAN","Gold"
"CAN","Silver"
"CAN","Silver"
"CAN","Bronze"
"CAN","Bronze"
"CAN","Bronze"
"CAN","Gold"
"CAN","Gold"
"CAN","Gold"
"CAN","Silver"
"CAN","Gold"
"CAN","Silver"
"CAN","Silver"
"CAN","Gold"
"CAN","Silver"
"CAN","Silver"
"CAN","Silver"
"CAN","Gold"
"CAN","Silver"
"CAN","Silver"
"CAN","Silver"
"CAN","Bronze"
"CAN","Gold"
"CAN","Gold"
"CAN","Silver"
"CAN","Silver"
"CAN","Silver"
"CAN","Silver"
"CAN","Silver"
"CAN","Bronze"
"CAN","Gold"
"CAN","Silver"
"CAN","Bronze"
"CAN","Gold"
"CAN","Gold"
"CAN","Silver"
"CAN","Gold"
"CAN","Silver"
"CAN","Bronze"
"CAN","Silver"
"CAN","Silver"
"CAN","Gold"
"CAN","Gold"
"CAN","Bronze"
"CAN","Gold"
"CAN","Gold"
"CAN","Bronze"
"CAN","Gold"
"CAN","Silver"
"CAN","Silver"
"CAN","Silver"
"CAN","Gold"
"CAN","Gold"
"CAN","Silver"
"CAN","Bronze"
"CAN","Bronze"
"CAN","Gold"
"CAN","Bronze"
"CAN","Gold"
"CAN","Silver"
"CAN","Gold"
"CAN","Gold"
"CAN","Gold"
"CAN","Gold"
"CAN","Silver"
"CAN","Bronze"
"CAN","Silver"
"CAN","Gold"
"CAN","Gold"
"CAN","Gold"
"CAN","Gold"
"CAN","Gold"
"CAN","Silver"
"CAN","Gold"
"CAN","Silver"
"CAN","Gold"
"CAN","Bronze"
"CAN","Silver"
"CAN","Gold"
"CAN","Silver"
"CAN","Bronze"
"CAN","Bronze"
"CAN","Gold"
"CAN","Silver"
"CAN","Silver"
"CAN","Silver"
"CAN","Gold"
"CAN","Silver"
"CAN","Gold"
"CAN","Silver"
"CAN","Gold"
"CAN","Silver"
"CAN","Bronze"
"CAN","Bronze"
"CAN","Gold"
"CAN","Bronze"
"CAN","Bronze"
"CAN","Bronze"
"CAN","Silver"
"CAN","Gold"
"CAN","Bronze"
"CAN","Gold"
"CAN","Gold"
"CAN","Silver"
"CAN","Gold"
"CAN","Gold"
"CAN","Silver"
"CAN","Gold"
"CAN","Silver"
"CAN","Silver"
"CAN","Silver"
"CAN","Gold"
"CAN","Silver"
"CAN","Gold"
"CAN","Gold"
"CAN","Silver"
"CAN","Gold"
"CAN","Silver"
"CAN","Bronze"
"CAN","Bronze"
"CAN","Gold"
"CAN","Bronze"
"CAN","Silver"
"CAN","Silver"
"CAN","Bronze"
"CAN","Silver"
"CAN","Silver"
"CAN","Gold"
"CAN","Gold"
"CAN","Bronze"
"CAN","Silver"
"CAN","Gold"
"CAN","Silver"
"CAN","Silver"
"CAN","Gold"
"CAN","Bronze"
"CAN","Bronze"
"CAN","Bronze"
"CAN","Bronze"
"CAN","Gold"
"CAN","Silver"
"CAN","Bronze"
"CAN","Silver"
"CAN","Gold"
"CAN","Gold"
"CAN","Gold"
"CAN","Silver"
"CAN","Bronze"
"CAN","Gold"
"CAN","Gold"
"CAN","Bronze"
"CAN","Gold"
"CAN","Gold"
"CAN","Gold"
"CAN","Silver"
"CAN","Silver"
"CAN","Silver"
"CAN","Bronze"
"CAN","Gold"
"CAN","Gold"
"CAN","Bronze"
"CAN","Silver"
"CAN","Silver"
"CAN","Silver"
"CAN","Silver"
"CAN","Silver"
"CAN","Bronze"
"CAN","Bronze"
"CAN","Silver"
"CAN","Gold"
"CAN","Bronze"
"CAN","Silver"
"CAN","Gold"
"CAN","Silver"
"CAN","Silver"
"CAN","Gold"
"CAN","Silver"
"CAN","Silver"
"CAN","Gold"
"CAN","Gold"
"CAN","Silver"
"CAN","Gold"
"CAN","Gold"
"CAN","Silver"
"CAN","Silver"
"CAN","Bronze"
"CAN","Gold"
"CAN","Gold"
"CAN","Bronze"
"CAN","Gold"
"CAN","Gold"
"CAN","Gold"
"CAN","Silver"
"CAN","Gold"
"CAN","Gold"
"CAN","Gold"
"CAN","Bronze"
"CAN","Gold"
"CAN","Silver"
"CAN","Gold"
"CAN","Gold"
"CAN","Silver"
"CAN","Silver"
"CAN","Gold"
"CAN","Silver"
"CAN","Silver"
"CAN","Silver"
"CAN","Bronze"
"CAN","Silver"
"CAN","Gold"
"CAN","Silver"
"CAN","Silver"
"CAN","Bronze"
"CAN","Silver"
"CAN","Silver"
"CAN","Bronze"
"CAN","Bronze"
"CAN","Gold"
"CAN","Gold"
"CAN","Gold"
"CAN","Bronze"
"CAN","Silver"
"CAN","Gold"
"CAN","Gold"
"CAN","Silver"
"CAN","Gold"
"CAN","Gold"
"CAN","Gold"
"CAN","Gold"
"CAN","Silver"
"CAN","Gold"
"CAN","Gold"
"CAN","Gold"
"CAN","Silver"
"CAN","Gold"
"CAN","Gold"
"CAN","Silver"
"CAN","Silver"
"CAN","Gold"
"CAN","Silver"
"CAN","Gold"
"CAN","Gold"
"CAN","Gold"
"CAN","Silver"
"CAN","Silver"
"CAN","Bronze"
"CAN","Bronze"
"CAN","Silver"
"CAN","Bronze"
"CAN","Gold"
"CAN","Gold"
"CAN","Gold"
"CAN","Silver"
"CAN","Gold"
"CAN","Silver"
"CAN","Silver"
"CAN","Silver"
"CAN","Silver"
"CAN","Silver"
"CAN","Silver"
"CAN","Silver"
"CAN","Bronze"
"CAN","Gold"
"CAN","Silver"
"CAN","Gold"
"CAN","Silver"
"CAN","Gold"
"CAN","Gold"
"CAN","Gold"
"CAN","Gold"
"CAN","Silver"
"CAN","Gold"
"CAN","Gold"
"CAN","Silver"
"CAN","Gold"
"CAN","Bronze"
"CAN","Gold"
"CAN","Gold"
"CAN","Bronze"
"CAN","Gold"
"CAN","Gold"
"CAN","Gold"
"CAN","Gold"
"CAN","Silver"
"CAN","Gold"
"CAN","Silver"
"CAN","Silver"
"CAN","Gold"
"CAN","Bronze"
"CAN","Bronze"
"CAN","Bronze"
"CAN","Gold"
"CAN","Gold"
"CAN","Silver"
"CAN","Silver"
"CAN","Silver"
"CAN","Silver"
"CAN","Gold"
"CAN","Gold"
"CAN","Gold"
"CAN","Gold"
"CAN","Bronze"
"CAN","Bronze"
"CAN","Gold"
"CAN","Gold"
"CAN","Gold"
"CAN","Gold"
"CAN","Silver"
"CAN","Gold"
"CAN","Gold"
"CAN","Bronze"
"CAN","Gold"
"CAN","Gold"
"CAN","Gold"
"CAN","Bronze"
"CAN","Bronze"
"CAN","Gold"
"CAN","Gold"
"CAN","Gold"
"CAN","Gold"
"CAN","Gold"
"CAN","Silver"
"CAN","Gold"
"CAN","Silver"
"CAN","Gold"
"CAN","Silver"
"CAN","Silver"
"CAN","Gold"
"CAN","Bronze"
"CAN","Gold"
"CAN","Silver"
"CAN","Silver"
"CAN","Silver"
"CAN","Silver"
"CAN","Silver"
"CAN","Gold"
"CAN","Silver"
"CAN","Silver"
"CAN","Bronze"
"CAN","Bronze"
"CAN","Gold"
"CAN","Gold"
"CAN","Silver"
"CAN","Silver"
"CAN","Gold"
"CAN","Gold"
"CAN","Silver"
"CAN","Silver"
"CAN","Gold"
"CAN","Silver"
"CAN","Gold"
"CAN","Gold"
"CAN","Gold"
"CAN","Gold"
"CAN","Bronze"
"CAN","Gold"
"CAN","Gold"
"CAN","Silver"
"CAN","Gold"
"CAN","Gold"
"CAN","Gold"
"CAN","Silver"
"CAN","Gold"
"CAN","Silver"
"CAN","Silver"
"CAN","Silver"
"CAN","Gold"
"CAN","Silver"
"CAN","Silver"
"CAN","Silver"
"CAN","Gold"
"CAN","Gold"
"CAN","Gold"
"CAN","Silver"
"CAN","Gold"
"CAN","Bronze"
"CAN","Bronze"
"CAN","Gold"
"CAN","Gold"
"CAN","Gold"
"CAN","Silver"
"CAN","Silver"
"CAN","Gold"
"CAN","Silver"
"CAN","Gold"
"CAN","Silver"
"CAN","Gold"
"CAN","Gold"
"CAN","Silver"
"CAN","Bronze"
"CAN","Gold"
"CAN","Gold"
"CAN","Gold"
"CAN","Silver"
"CAN","Silver"
"CAN","Bronze"
"CAN","Silver"
"CAN","Bronze"
"CAN","Gold"
"CAN","Gold"
"CAN","Gold"
"CAN","Gold"
"CAN","Bronze"
"CAN","Gold"
"CAN","Silver"
"CAN","Gold"
"CAN","Silver"
"CAN","Gold"
"CAN","Bronze"
"CAN","Bronze"
"CAN","Gold"
"CAN","Silver"
"CAN","Bronze"
"CAN","Silver"
"CAN","Gold"
"CAN","Gold"
"CAN","Silver"
"CAN","Gold"
"CAN","Gold"
"CAN","Silver"
"CAN","Gold"
"CAN","Silver"
"CAN","Gold"
"CAN","Gold"
"CAN","Bronze"
"CAN","Gold"
"CAN","Gold"
"CAN","Gold"
"CAN","Gold"
"CAN","Gold"
"CAN","Bronze"
"CAN","Silver"
"CAN","Gold"
"CAN","Gold"
"CAN","Silver"
"CAN","Gold"
"CAN","Silver"
"CAN","Gold"
"CAN","Gold"
"CAN","Bronze"
"CAN","Gold"
"CAN","Gold"
"CAN","Gold"
"CAN","Bronze"
"CAN","Silver"
"CAN","Gold"
"CAN","Gold"
"CAN","Silver"
"CAN","Silver"
"CAN","Bronze"
"CAN","Bronze"
"CAN","Silver"
"CAN","Gold"
"CAN","Gold"
"CAN","Gold"
"CAN","Silver"
"CAN","Gold"
"CAN","Silver"
"CAN","Gold"
"CAN","Silver"
"CAN","Gold"
"CAN","Gold"
"CAN","Bronze"
"CAN","Bronze"
"CAN","Bronze"
"CAN","Gold"
"CAN","Silver"
"CAN","Gold"
"CAN","Gold"
"CAN","Bronze"
"CAN","Gold"
"CAN","Gold"
"CAN","Gold"
"CAN","Gold"
"CAN","Silver"
"CAN","Gold"
"CAN","Gold"
"CAN","Gold"
"CAN","Gold"
"CAN","Bronze"
"CAN","Gold"
"CAN","Silver"
"CAN","Silver"
"CAN","Gold"
"CAN","Gold"
"CAN","Gold"
"CAN","Gold"
"CAN","Bronze"
"CAN","Gold"
"CAN","Gold"
"CAN","Silver"
"CAN","Gold"
"CAN","Silver"
"CAN","Gold"
"CAN","Gold"
"CAN","Silver"
"CAN","Gold"
"CAN","Bronze"
"CAN","Silver"
"CAN","Silver"
"CAN","Gold"
"CAN","Silver"
"CAN","Bronze"
"CAN","Gold"
"CAN","Bronze"
"CAN","Gold"
"CAN","Gold"
"CAN","Gold"
"CAN","Silver"
"CAN","Gold"
"CAN","Silver"
"CAN","Gold"
"CAN","Gold"
"CAN","Silver"
"CAN","Gold"
"CAN","Silver"
"CAN","Gold"
"CAN","Silver"
"CAN","Gold"
"CAN","Gold"
"CAN","Gold"
"CAN","Gold"
"CAN","Gold"
"CAN","Bronze"
"CAN","Gold"
"CAN","Gold"
"CAN","Gold"
"CAN","Gold"
"CAN","Gold"
"CAN","Gold"
"CAN","Gold"
"CAN","Gold"
"CAN","Gold"
"CAN","Gold"
"CAN","Gold"
"CAN","Silver"
"CAN","Gold"
"CAN","Gold"
"CAN","Gold"
"CAN","Gold"
"CAN","Silver"
"CAN","Bronze"
"CAN","Gold"
"CAN","Gold"
"CAN","Gold"
"CAN","Silver"
"CAN","Silver"
"CAN","Gold"
"CAN","Bronze"
"CAN","Bronze"
"CAN","Gold"
"CAN","Gold"
"CAN","Bronze"
"CAN","Gold"
"CAN","Gold"
"CAN","Silver"
"CAN","Silver"
"CAN","Bronze"
"CAN","Gold"
"CAN","Gold"
"CAN","Bronze"
"CAN","Gold"
"CAN","Gold"
"CAN","Gold"
"CAN","Gold"
"CAN","Gold"
"CAN","Gold"
"CAN","Gold"
"CAN","Gold"
"CAN","Gold"
"CAN","Bronze"
"CAN","Silver"
"CAN","Bronze"
"CAN","Gold"
"CAN","Gold"
"CAN","Gold"
"CAN","Gold"
"CAN","Bronze"
"CAN","Silver"
"CAN","Gold"
"CAN","Gold"
"CAN","Silver"
"CAN","Gold"
"CAN","Gold"
"CAN","Silver"
"CAN","Gold"
"CAN","Gold"
"CAN","Gold"
"CAN","Gold"
"CAN","Gold"
"CAN","Gold"
"CAN","Gold"
"CAN","Silver"
"CAN","Gold"
"CAN","Gold"
"CAN","Bronze"
"CAN","Gold"
"CHN","Silver"
"CHN","Gold"
"CHN","Bronze"
"CHN","Bronze"
"CHN","Silver"
"CHN","Silver"
"CHN","Bronze"
"CHN","Bronze"
"CHN","Bronze"
"CHN","Gold"
"CHN","Gold"
"CHN","Bronze"
"CHN","Bronze"
"CHN","Silver"
"CHN","Gold"
"CHN","Bronze"
"CHN","Bronze"
"CHN","Bronze"
"CHN","Silver"
"CHN","Silver"
"CHN","Gold"
"CHN","Bronze"
"CHN","Silver"
"CHN","Bronze"
"CHN","Bronze"
"CHN","Bronze"
"CHN","Silver"
"CHN","Gold"
"CHN","Silver"
"CHN","Silver"
"CHN","Bronze"
"CHN","Silver"
"CHN","Bronze"
"CHN","Gold"
"CHN","Silver"
"CHN","Bronze"
"CHN","Gold"
"CHN","Bronze"
"CHN","Bronze"
"CHN","Bronze"
"CHN","Silver"
"CHN","Silver"
"CHN","Silver"
"CHN","Bronze"
"CHN","Silver"
"CHN","Silver"
"CHN","Silver"
"CHN","Bronze"
"CHN","Silver"
"CHN","Gold"
"CHN","Bronze"
"CHN","Silver"
"CHN","Gold"
"CHN","Bronze"
"CHN","Silver"
"CHN","Silver"
"CHN","Bronze"
"CHN","Silver"
"CHN","Bronze"
"CHN","Silver"
"CHN","Bronze"
"CHN","Bronze"
"CHN","Bronze"
"CHN","Bronze"
"CHN","Silver"
"CHN","Gold"
"CHN","Gold"
"CHN","Bronze"
"CHN","Bronze"
"CHN","Gold"
"CHN","Bronze"
"CHN","Bronze"
"CHN","Gold"
"CHN","Gold"
"CHN","Bronze"
"CHN","Gold"
"CHN","Silver"
"CHN","Silver"
"CHN","Bronze"
"CHN","Silver"
"CHN","Silver"
"CHN","Silver"
"CRO","Silver"
"CRO","Silver"
"CRO","Gold"
"CRO","Silver"
"CRO","Gold"
"CRO","Silver"
"CRO","Gold"
"CRO","Bronze"
"CRO","Silver"
"CRO","Silver"
"CRO","Gold"
"CZE","Bronze"
"CZE","Bronze"
"CZE","Bronze"
"CZE","Silver"
"CZE","Silver"
"CZE","Bronze"
"CZE","Gold"
"CZE","Bronze"
"CZE","Silver"
"CZE","Bronze"
"CZE","Bronze"
"CZE","Silver"
"CZE","Bronze"
"CZE","Gold"
"CZE","Silver"
"CZE","Bronze"
"CZE","Gold"
"CZE","Gold"
"CZE","Bronze"
"CZE","Bronze"
"CZE","Silver"
"CZE","Bronze"
"CZE","Bronze"
"CZE","Bronze"
"CZE","Bronze"
"CZE","Gold"
"CZE","Bronze"
"CZE","Gold"
"CZE","Bronze"
"CZE","Bronze"
"CZE","Bronze"
"CZE","Gold"
"CZE","Bronze"
"CZE","Silver"
"CZE","Gold"
"CZE","Silver"
"CZE","Gold"
"CZE","Bronze"
"CZE","Bronze"
"CZE","Silver"
"CZE","Bronze"
"CZE","Gold"
"CZE","Bronze"
"CZE","Gold"
"CZE","Gold"
"CZE","Gold"
"CZE","Bronze"
"CZE","Silver"
"CZE","Bronze"
"CZE","Bronze"
"CZE","Gold"
"CZE","Gold"
"CZE","Gold"
"CZE","Gold"
"CZE","Bronze"
"CZE","Silver"
"CZE","Gold"
"CZE","Bronze"
"CZE","Gold"
"CZE","Gold"
"CZE","Gold"
"CZE","Bronze"
"CZE","Gold"
"CZE","Bronze"
"CZE","Gold"
"CZE","Gold"
"CZE","Gold"
"CZE","Bronze"
"CZE","Bronze"
"CZE","Gold"
"CZE","Gold"
"CZE","Bronze"
"CZE","Silver"
"CZE","Bronze"
"CZE","Gold"
"DEN","Silver"
"DEN","Silver"
"DEN","Silver"
"DEN","Silver"
"DEN","Silver"
"ESP","Gold"
"ESP","Bronze"
"EST","Silver"
"EST","Gold"
"EST","Gold"
"EST","Gold"
"EST","Bronze"
"EST","Silver"
"EST","Gold"
"FIN","Silver"
"FIN","Gold"
"FIN","Bronze"
"FIN","Silver"
"FIN","Silver"
"FIN","Bronze"
"FIN","Silver"
"FIN","Bronze"
"FIN","Silver"
"FIN","Bronze"
"FIN","Silver"
"FIN","Bronze"
"FIN","Silver"
"FIN","Bronze"
"FIN","Silver"
"FIN","Silver"
"FIN","Gold"
"FIN","Bronze"
"FIN","Bronze"
"FIN","Bronze"
"FIN","Bronze"
"FIN","Silver"
"FIN","Bronze"
"FIN","Silver"
"FIN","Gold"
"FIN","Bronze"
"FIN","Silver"
"FIN","Bronze"
"FIN","Bronze"
"FIN","Bronze"
"FIN","Bronze"
"FIN","Bronze"
"FIN","Bronze"
"FIN","Silver"
"FIN","Gold"
"FIN","Gold"
"FIN","Gold"
"FIN","Bronze"
"FIN","Silver"
"FIN","Silver"
"FIN","Silver"
"FIN","Silver"
"FIN","Silver"
"FIN","Bronze"
"FIN","Bronze"
"FIN","Bronze"
"FIN","Bronze"
"FIN","Silver"
"FIN","Silver"
"FIN","Gold"
"FIN","Silver"
"FIN","Gold"
"FIN","Silver"
"FIN","Bronze"
"FIN","Silver"
"FIN","Bronze"
"FIN","Bronze"
"FIN","Bronze"
"FIN","Silver"
"FIN","Gold"
"FIN","Bronze"
"FIN","Bronze"
"FIN","Silver"
"FIN","Silver"
"FIN","Bronze"
"FIN","Silver"
"FIN","Bronze"
"FIN","Bronze"
"FIN","Bronze"
"FIN","Bronze"
"FIN","Silver"
"FIN","Bronze"
"FIN","Gold"
"FIN","Bronze"
"FIN","Bronze"
"FIN","Bronze"
"FIN","Bronze"
"FIN","Bronze"
"FIN","Bronze"
"FIN","Silver"
"FIN","Silver"
"FIN","Bronze"
"FIN","Silver"
"FIN","Bronze"
"FIN","Bronze"
"FIN","Bronze"
"FIN","Bronze"
"FIN","Gold"
"FIN","Bronze"
"FIN","Silver"
"FIN","Silver"
"FIN","Silver"
"FIN","Bronze"
"FIN","Gold"
"FIN","Bronze"
"FIN","Silver"
"FIN","Silver"
"FIN","Gold"
"FIN","Bronze"
"FIN","Bronze"
"FIN","Bronze"
"FIN","Silver"
"FIN","Bronze"
"FIN","Gold"
"FIN","Bronze"
"FIN","Bronze"
"FIN","Silver"
"FIN","Silver"
"FIN","Silver"
"FIN","Bronze"
"FIN","Bronze"
"FIN","Bronze"
"FIN","Silver"
"FIN","Bronze"
"FIN","Bronze"
"FIN","Bronze"
"FIN","Silver"
"FIN","Bronze"
"FIN","Gold"
"FIN","Silver"
"FIN","Bronze"
"FIN","Bronze"
"FIN","Bronze"
"FIN","Bronze"
"FIN","Silver"
"FIN","Gold"
"FIN","Silver"
"FIN","Bronze"
"FIN","Bronze"
"FIN","Bronze"
"FIN","Silver"
"FIN","Silver"
"FIN","Bronze"
"FIN","Bronze"
"FIN","Bronze"
"FIN","Gold"
"FIN","Silver"
"FIN","Bronze"
"FIN","Bronze"
"FIN","Silver"
"FIN","Bronze"
"FIN","Bronze"
"FIN","Bronze"
"FIN","Silver"
"FIN","Silver"
"FIN","Gold"
"FIN","Silver"
"FIN","Silver"
"FIN","Bronze"
"FIN","Silver"
"FIN","Silver"
"FIN","Silver"
"FIN","Silver"
"FIN","Bronze"
"FIN","Silver"
"FIN","Bronze"
"FIN","Bronze"
"FIN","Silver"
"FIN","Silver"
"FIN","Gold"
"FIN","Silver"
"FIN","Silver"
"FIN","Bronze"
"FIN","Bronze"
"FIN","Bronze"
"FIN","Bronze"
"FIN","Bronze"
"FIN","Silver"
"FIN","Bronze"
"FIN","Bronze"
"FIN","Bronze"
"FIN","Silver"
"FIN","Gold"
"FIN","Gold"
"FIN","Gold"
"FIN","Gold"
"FIN","Bronze"
"FIN","Gold"
"FIN","Silver"
"FIN","Bronze"
"FIN","Gold"
"FIN","Bronze"
"FIN","Bronze"
"FIN","Silver"
"FIN","Gold"
"FIN","Bronze"
"FIN","Bronze"
"FIN","Gold"
"FIN","Silver"
"FIN","Bronze"
"FIN","Bronze"
"FIN","Bronze"
"FIN","Silver"
"FIN","Silver"
"FIN","Gold"
"FIN","Bronze"
"FIN","Bronze"
"FIN","Silver"
"FIN","Gold"
"FIN","Silver"
"FIN","Bronze"
"FIN","Bronze"
"FIN","Bronze"
"FIN","Bronze"
"FIN","Bronze"
"FIN","Bronze"
"FIN","Bronze"
"FIN","Bronze"
"FIN","Gold"
"FIN","Silver"
"FIN","Bronze"
"FIN","Bronze"
"FIN","Bronze"
"FIN","Silver"
"FIN","Gold"
"FIN","Bronze"
"FIN","Bronze"
"FIN","Bronze"
"FIN","Gold"
"FIN","Bronze"
"FIN","Bronze"
"FIN","Bronze"
"FIN","Gold"
"FIN","Bronze"
"FIN","Bronze"
"FIN","Bronze"
"FIN","Gold"
"FIN","Silver"
"FIN","Bronze"
"FIN","Bronze"
"FIN","Bronze"
"FIN","Silver"
"FIN","Silver"
"FIN","Bronze"
"FIN","Bronze"
"FIN","Silver"
"FIN","Bronze"
"FIN","Bronze"
"FIN","Bronze"
"FIN","Bronze"
"FIN","Silver"
"FIN","Bronze"
"FIN","Silver"
"FIN","Silver"
"FIN","Silver"
"FIN","Silver"
"FIN","Bronze"
"FIN","Bronze"
"FIN","Bronze"
"FIN","Silver"
"FIN","Bronze"
"FIN","Bronze"
"FIN","Bronze"
"FIN","Bronze"
"FIN","Gold"
"FIN","Bronze"
"FIN","Bronze"
"FIN","Bronze"
"FIN","Gold"
"FIN","Bronze"
"FIN","Bronze"
"FIN","Bronze"
"FIN","Silver"
"FIN","Gold"
"FIN","Bronze"
"FIN","Bronze"
"FIN","Bronze"
"FIN","Bronze"
"FIN","Gold"
"FIN","Bronze"
"FIN","Bronze"
"FIN","Gold"
"FIN","Silver"
"FIN","Bronze"
"FIN","Silver"
"FIN","Bronze"
"FIN","Silver"
"FIN","Bronze"
"FIN","Bronze"
"FIN","Silver"
"FIN","Bronze"
"FIN","Bronze"
"FIN","Silver"
"FIN","Bronze"
"FIN","Silver"
"FIN","Bronze"
"FIN","Bronze"
"FIN","Bronze"
"FIN","Silver"
"FIN","Silver"
"FIN","Bronze"
"FIN","Bronze"
"FIN","Gold"
"FIN","Bronze"
"FIN","Gold"
"FIN","Gold"
"FIN","Silver"
"FIN","Bronze"
"FIN","Bronze"
"FIN","Bronze"
"FIN","Bronze"
"FIN","Silver"
"FIN","Silver"
"FIN","Silver"
"FIN","Silver"
"FIN","Bronze"
"FIN","Gold"
"FIN","Gold"
"FIN","Bronze"
"FIN","Bronze"
"FIN","Silver"
"FIN","Bronze"
"FIN","Silver"
"FIN","Gold"
"FIN","Bronze"
"FIN","Bronze"
"FIN","Bronze"
"FIN","Silver"
"FIN","Silver"
"FIN","Silver"
"FIN","Bronze"
"FIN","Bronze"
"FIN","Bronze"
"FIN","Bronze"
"FIN","Bronze"
"FIN","Silver"
"FIN","Silver"
"FIN","Gold"
"FIN","Bronze"
"FIN","Gold"
"FIN","Bronze"
"FIN","Gold"
"FIN","Gold"
"FIN","Bronze"
"FIN","Silver"
"FIN","Silver"
"FIN","Silver"
"FIN","Bronze"
"FIN","Bronze"
"FIN","Silver"
"FIN","Bronze"
"FIN","Silver"
"FIN","Bronze"
"FIN","Silver"
"FIN","Bronze"
"FIN","Bronze"
"FIN","Bronze"
"FIN","Bronze"
"FIN","Bronze"
"FIN","Silver"
"FIN","Silver"
"FIN","Gold"
"FIN","Silver"
"FIN","Silver"
"FIN","Silver"
"FIN","Silver"
"FIN","Silver"
"FIN","Silver"
"FIN","Silver"
"FIN","Bronze"
"FIN","Silver"
"FIN","Gold"
"FIN","Silver"
"FIN","Bronze"
"FIN","Gold"
"FIN","Gold"
"FIN","Silver"
"FIN","Bronze"
"FIN","Bronze"
"FIN","Silver"
"FIN","Silver"
"FIN","Silver"
"FIN","Bronze"
"FIN","Gold"
"FIN","Silver"
"FIN","Gold"
"FIN","Silver"
"FIN","Silver"
"FIN","Silver"
"FIN","Gold"
"FIN","Gold"
"FIN","Silver"
"FIN","Silver"
"FIN","Bronze"
"FIN","Silver"
"FIN","Bronze"
"FIN","Bronze"
"FIN","Bronze"
"FIN","Bronze"
"FIN","Silver"
"FIN","Silver"
"FIN","Bronze"
"FIN","Silver"
"FIN","Gold"
"FIN","Silver"
"FIN","Bronze"
"FIN","Gold"
"FIN","Bronze"
"FIN","Silver"
"FIN","Silver"
"FIN","Bronze"
"FIN","Bronze"
"FIN","Bronze"
"FIN","Bronze"
"FIN","Bronze"
"FIN","Bronze"
"FIN","Gold"
"FIN","Bronze"
"FIN","Bronze"
"FIN","Gold"
"FIN","Bronze"
"FIN","Silver"
"FIN","Bronze"
"FIN","Bronze"
"FIN","Gold"
"FIN","Bronze"
"FIN","Bronze"
"FIN","Bronze"
"FIN","Silver"
"FIN","Silver"
"FIN","Silver"
"FIN","Gold"
"FIN","Bronze"
"FIN","Bronze"
"FIN","Silver"
"FIN","Silver"
"FIN","Bronze"
"FIN","Gold"
"FIN","Gold"
"FIN","Bronze"
"FIN","Silver"
"FIN","Silver"
"FIN","Gold"
"FIN","Silver"
"FRA","Bronze"
"FRA","Gold"
"FRA","Silver"
"FRA","Gold"
"FRA","Bronze"
"FRA","Silver"
"FRA","Silver"
"FRA","Bronze"
"FRA","Gold"
"FRA","Gold"
"FRA","Bronze"
"FRA","Bronze"
"FRA","Bronze"
"FRA","Bronze"
"FRA","Bronze"
"FRA","Silver"
"FRA","Bronze"
"FRA","Bronze"
"FRA","Silver"
"FRA","Gold"
"FRA","Bronze"
"FRA","Bronze"
"FRA","Bronze"
"FRA","Silver"
"FRA","Bronze"
"FRA","Bronze"
"FRA","Silver"
"FRA","Silver"
"FRA","Silver"
"FRA","Silver"
"FRA","Bronze"
"FRA","Gold"
"FRA","Bronze"
"FRA","Gold"
"FRA","Gold"
"FRA","Bronze"
"FRA","Bronze"
"FRA","Bronze"
"FRA","Bronze"
"FRA","Bronze"
"FRA","Gold"
"FRA","Gold"
"FRA","Bronze"
"FRA","Gold"
"FRA","Gold"
"FRA","Bronze"
"FRA","Silver"
"FRA","Bronze"
"FRA","Silver"
"FRA","Gold"
"FRA","Bronze"
"FRA","Gold"
"FRA","Bronze"
"FRA","Gold"
"FRA","Bronze"
"FRA","Bronze"
"FRA","Silver"
"FRA","Bronze"
"FRA","Gold"
"FRA","Silver"
"FRA","Bronze"
"FRA","Silver"
"FRA","Silver"
"FRA","Silver"
"FRA","Gold"
"FRA","Gold"
"FRA","Bronze"
"FRA","Bronze"
"FRA","Bronze"
"FRA","Gold"
"FRA","Bronze"
"FRA","Silver"
"FRA","Silver"
"FRA","Bronze"
"FRA","Silver"
"FRA","Bronze"
"FRA","Bronze"
"FRA","Silver"
"FRA","Bronze"
"FRA","Silver"
"FRA","Silver"
"FRA","Bronze"
"FRA","Bronze"
"FRA","Silver"
"FRA","Bronze"
"FRA","Silver"
"FRA","Gold"
"FRA","Bronze"
"FRA","Gold"
"FRA","Bronze"
"FRA","Bronze"
"FRA","Gold"
"FRA","Bronze"
"FRA","Bronze"
"FRA","Gold"
"FRA","Gold"
"FRA","Bronze"
"FRA","Bronze"
"FRA","Silver"
"FRA","Gold"
"FRA","Bronze"
"FRA","Gold"
"FRA","Bronze"
"FRA","Gold"
"FRA","Silver"
"FRA","Gold"
"FRA","Silver"
"FRA","Silver"
"FRA","Bronze"
"FRA","Bronze"
"FRA","Bronze"
"FRA","Silver"
"FRA","Bronze"
"FRA","Bronze"
"FRA","Bronze"
"FRA","Silver"
"FRA","Bronze"
"FRA","Bronze"
"FRA","Bronze"
"FRA","Bronze"
"FRA","Gold"
"FRA","Bronze"
"FRA","Bronze"
"FRA","Bronze"
"FRA","Bronze"
"FRA","Gold"
"FRA","Gold"
"FRA","Gold"
"FRA","Gold"
"FRA","Bronze"
"FRA","Gold"
"FRA","Bronze"
"FRA","Bronze"
"FRA","Bronze"
"FRA","Bronze"
"FRA","Silver"
"FRA","Bronze"
"FRA","Gold"
"FRA","Bronze"
"FRA","Bronze"
"FRA","Silver"
"FRA","Bronze"
"FRA","Bronze"
"FRA","Bronze"
"FRA","Bronze"
"FRA","Silver"
"FRA","Bronze"
"FRA","Gold"
"FRA","Silver"
"FRA","Bronze"
"FRA","Bronze"
"FRA","Bronze"
"GBR","Gold"
"GBR","Silver"
"GBR","Gold"
"GBR","Gold"
"GBR","Silver"
"GBR","Gold"
"GBR","Bronze"
"GBR","Silver"
"GBR","Bronze"
"GBR","Silver"
"GBR","Gold"
"GBR","Bronze"
"GBR","Bronze"
"GBR","Gold"
"GBR","Gold"
"GBR","Bronze"
"GBR","Gold"
"GBR","Silver"
"GBR","Silver"
"GBR","Gold"
"GBR","Bronze"
"GBR","Gold"
"GBR","Gold"
"GBR","Silver"
"GBR","Gold"
"GBR","Gold"
"GBR","Silver"
"GBR","Bronze"
"GBR","Gold"
"GBR","Bronze"
"GBR","Gold"
"GBR","Gold"
"GBR","Bronze"
"GBR","Bronze"
"GBR","Bronze"
"GBR","Gold"
"GBR","Silver"
"GBR","Bronze"
"GBR","Bronze"
"GBR","Gold"
"GBR","Gold"
"GBR","Bronze"
"GBR","Bronze"
"GBR","Bronze"
"GBR","Bronze"
"GBR","Gold"
"GBR","Gold"
"GBR","Silver"
"GBR","Gold"
"GBR","Bronze"
"GBR","Gold"
"GBR","Gold"
"GBR","Bronze"
"GBR","Bronze"
"GBR","Bronze"
"GBR","Bronze"
"GBR","Gold"
"GBR","Bronze"
"GBR","Gold"
"GBR","Bronze"
"GBR","Gold"
"GBR","Bronze"
"GBR","Bronze"
"GBR","Gold"
"GBR","Bronze"
"GBR","Silver"
"GBR","Bronze"
"GBR","Bronze"
"GBR","Gold"
"GBR","Bronze"
"GBR","Gold"
"GBR","Bronze"
"GBR","Gold"
"GBR","Gold"
"GBR","Bronze"
"GBR","Bronze"
"GBR","Gold"
"GBR","Gold"
"GBR","Bronze"
"GER","Gold"
"GER","Gold"
"GER","Silver"
"GER","Gold"
"GER","Bronze"
"GER","Bronze"
"GER","Silver"
"GER","Bronze"
"GER","Gold"
"GER","Gold"
"GER","Bronze"
"GER","Gold"
"GER","Gold"
"GER","Silver"
"GER","Gold"
"GER","Silver"
"GER","Silver"
"GER","Gold"
"GER","Silver"
"GER","Gold"
"GER","Gold"
"GER","Silver"
"GER","Silver"
"GER","Bronze"
"GER","Silver"
"GER","Silver"
"GER","Silver"
"GER","Bronze"
"GER","Gold"
"GER","Gold"
"GER","Gold"
"GER","Gold"
"GER","Bronze"
"GER","Gold"
"GER","Bronze"
"GER","Silver"
"GER","Silver"
"GER","Bronze"
"GER","Gold"
"GER","Bronze"
"GER","Silver"
"GER","Gold"
"GER","Silver"
"GER","Bronze"
"GER","Silver"
"GER","Bronze"
"GER","Silver"
"GER","Bronze"
"GER","Gold"
"GER","Silver"
"GER","Silver"
"GER","Gold"
"GER","Gold"
"GER","Gold"
"GER","Gold"
"GER","Gold"
"GER","Silver"
"GER","Silver"
"GER","Gold"
"GER","Bronze"
"GER","Bronze"
"GER","Bronze"
"GER","Silver"
"GER","Gold"
"GER","Silver"
"GER","Silver"
"GER","Silver"
"GER","Silver"
"GER","Gold"
"GER","Silver"
"GER","Bronze"
"GER","Silver"
"GER","Silver"
"GER","Gold"
"GER","Bronze"
"GER","Silver"
"GER","Bronze"
"GER","Silver"
"GER","Silver"
"GER","Gold"
"GER","Gold"
"GER","Silver"
"GER","Gold"
"GER","Bronze"
"GER","Silver"
"GER","Silver"
"GER","Bronze"
"GER","Silver"
"GER","Gold"
"GER","Silver"
"GER","Bronze"
"GER","Silver"
"GER","Gold"
"GER","Gold"
"GER","Gold"
"GER","Gold"
"GER","Bronze"
"GER","Silver"
"GER","Gold"
"GER","Silver"
"GER","Bronze"
"GER","Silver"
"GER","Gold"
"GER","Bronze"
"GER","Silver"
"GER","Bronze"
"GER","Bronze"
"GER","Bronze"
"GER","Silver"
"GER","Bronze"
"GER","Silver"
"GER","Gold"
"GER","Gold"
"GER","Silver"
"GER","Silver"
"GER","Gold"
"GER","Gold"
"GER","Bronze"
"GER","Bronze"
"GER","Gold"
"GER","Silver"
"GER","Gold"
"GER","Gold"
"GER","Gold"
"GER","Bronze"
"GER","Bronze"
"GER","Silver"
"GER","Gold"
"GER","Silver"
"GER","Gold"
"GER","Bronze"
"GER","Bronze"
"GER","Silver"
"GER","Silver"
"GER","Gold"
"GER","Silver"
"GER","Silver"
"GER","Gold"
"GER","Gold"
"GER","Gold"
"GER","Bronze"
"GER","Gold"
"GER","Silver"
"GER","Silver"
"GER","Bronze"
"GER","Bronze"
"GER","Silver"
"GER","Gold"
"GER","Gold"
"GER","Silver"
"GER","Gold"
"GER","Silver"
"GER","Gold"
"GER","Bronze"
"GER","Silver"
"GER","Silver"
"GER","Silver"
"GER","Gold"
"GER","Bronze"
"GER","Gold"
"GER","Silver"
"GER","Bronze"
"GER","Gold"
"GER","Bronze"
"GER","Bronze"
"GER","Bronze"
"GER","Silver"
"GER","Silver"
"GER","Silver"
"GER","Bronze"
"GER","Gold"
"GER","Bronze"
"GER","Gold"
"GER","Bronze"
"GER","Silver"
"GER","Gold"
"GER","Gold"
"GER","Bronze"
"GER","Gold"
"GER","Gold"
"GER","Gold"
"GER","Bronze"
"GER","Silver"
"GER","Silver"
"GER","Silver"
"GER","Bronze"
"GER","Silver"
"GER","Silver"
"GER","Gold"
"GER","Bronze"
"GER","Gold"
"GER","Gold"
"GER","Silver"
"GER","Silver"
"GER","Silver"
"GER","Silver"
"GER","Silver"
"GER","Gold"
"GER","Gold"
"GER","Silver"
"GER","Silver"
"GER","Silver"
"GER","Bronze"
"GER","Silver"
"GER","Gold"
"GER","Silver"
"GER","Bronze"
"GER","Silver"
"GER","Silver"
"GER","Bronze"
"GER","Silver"
"GER","Silver"
"GER","Gold"
"GER","Gold"
"GER","Silver"
"GER","Gold"
"GER","Silver"
"GER","Gold"
"GER","Gold"
"GER","Gold"
"GER","Gold"
"GER","Gold"
"GER","Gold"
"GER","Silver"
"GER","Bronze"
"GER","Bronze"
"GER","Silver"
"GER","Silver"
"GER","Bronze"
"GER","Bronze"
"GER","Silver"
"GER","Bronze"
"GER","Bronze"
"GER","Bronze"
"GER","Silver"
"GER","Bronze"
"GER","Bronze"
"GER","Silver"
"GER","Gold"
"GER","Silver"
"GER","Bronze"
"GER","Silver"
"GER","Gold"
"GER","Silver"
"GER","Silver"
"GER","Gold"
"GER","Gold"
"GER","Gold"
"GER","Gold"
"GER","Bronze"
"GER","Bronze"
"GER","Gold"
"GER","Gold"
"GER","Bronze"
"GER","Bronze"
"GER","Gold"
"GER","Silver"
"GER","Bronze"
"GER","Gold"
"GER","Silver"
"GER","Silver"
"GER","Gold"
"GER","Gold"
"GER","Bronze"
"GER","Bronze"
"GER","Gold"
"GER","Silver"
"GER","Bronze"
"GER","Gold"
"GER","Silver"
"GER","Silver"
"GER","Gold"
"GER","Bronze"
"GER","Gold"
"GER","Gold"
"GER","Gold"
"GER","Gold"
"GER","Gold"
"GER","Silver"
"GER","Bronze"
"GER","Silver"
"GER","Bronze"
"GER","Silver"
"GER","Bronze"
"GER","Bronze"
"GER","Gold"
"GER","Silver"
"GER","Silver"
"GER","Silver"
"GER","Gold"
"GER","Silver"
"GER","Gold"
"GER","Bronze"
"GER","Gold"
"GER","Bronze"
"GER","Silver"
"GER","Gold"
"GER","Gold"
"GER","Bronze"
"GER","Gold"
"GER","Silver"
"GER","Gold"
"GER","Gold"
"GER","Silver"
"GER","Gold"
"GER","Gold"
"GER","Gold"
"GER","Gold"
"GER","Bronze"
"GER","Bronze"
"GER","Silver"
"GER","Silver"
"GER","Bronze"
"GER","Gold"
"GER","Silver"
"GER","Gold"
"GER","Gold"
"GER","Bronze"
"GER","Gold"
"GER","Gold"
"GER","Bronze"
"GER","Bronze"
"GER","Silver"
"GER","Bronze"
"GER","Gold"
"GER","Gold"
"GER","Silver"
"GER","Silver"
"GER","Silver"
"GER","Gold"
"GER","Bronze"
"GER","Gold"
"GER","Gold"
"GER","Gold"
"GER","Silver"
"GER","Gold"
"GER","Bronze"
"GER","Gold"
"GER","Gold"
"GER","Bronze"
"GER","Silver"
"GER","Bronze"
"GER","Gold"
"GER","Gold"
"GER","Silver"
"GER","Bronze"
"GER","Gold"
"GER","Gold"
"GER","Bronze"
"GER","Silver"
"GER","Silver"
"GER","Gold"
"GER","Gold"
"GER","Gold"
"GER","Bronze"
"GER","Bronze"
"GER","Bronze"
"GER","Gold"
"GER","Silver"
"GER","Bronze"
"HUN","Silver"
"HUN","Silver"
"HUN","Bronze"
"HUN","Silver"
"HUN","Bronze"
"HUN","Bronze"
"HUN","Bronze"
"HUN","Bronze"
"HUN","Bronze"
"HUN","Silver"
"HUN","Bronze"
"HUN","Bronze"
"ITA","Bronze"
"ITA","Silver"
"ITA","Gold"
"ITA","Gold"
"ITA","Gold"
"ITA","Silver"
"ITA","Gold"
"ITA","Bronze"
"ITA","Gold"
"ITA","Bronze"
"ITA","Gold"
"ITA","Bronze"
"ITA","Silver"
"ITA","Gold"
"ITA","Bronze"
"ITA","Bronze"
"ITA","Gold"
"ITA","Bronze"
"ITA","Bronze"
"ITA","Gold"
"ITA","Silver"
"ITA","Bronze"
"ITA","Bronze"
"ITA","Bronze"
"ITA","Silver"
"ITA","Bronze"
"ITA","Silver"
"ITA","Gold"
"ITA","Bronze"
"ITA","Silver"
"ITA","Silver"
"ITA","Gold"
"ITA","Bronze"
"ITA","Bronze"
"ITA","Gold"
"ITA","Silver"
"ITA","Gold"
"ITA","Silver"
"ITA","Silver"
"ITA","Gold"
"ITA","Bronze"
"ITA","Silver"
"ITA","Silver"
"ITA","Silver"
"ITA","Gold"
"ITA","Silver"
"ITA","Gold"
"ITA","Bronze"
"ITA","Gold"
"ITA","Silver"
"ITA","Bronze"
"ITA","Bronze"
"ITA","Bronze"
"ITA","Silver"
"ITA","Gold"
"ITA","Silver"
"ITA","Bronze"
"ITA","Silver"
"ITA","Silver"
"ITA","Silver"
"ITA","Bronze"
"ITA","Silver"
"ITA","Gold"
"ITA","Silver"
"ITA","Silver"
"ITA","Bronze"
"ITA","Silver"
"ITA","Silver"
"ITA","Gold"
"ITA","Bronze"
"ITA","Gold"
"ITA","Silver"
"ITA","Silver"
"ITA","Gold"
"ITA","Gold"
"ITA","Bronze"
"ITA","Bronze"
"ITA","Bronze"
"ITA","Gold"
"ITA","Silver"
"ITA","Bronze"
"ITA","Bronze"
"ITA","Bronze"
"ITA","Gold"
"ITA","Silver"
"ITA","Gold"
"ITA","Gold"
"ITA","Bronze"
"ITA","Bronze"
"ITA","Bronze"
"ITA","Silver"
"ITA","Silver"
"ITA","Silver"
"ITA","Gold"
"ITA","Gold"
"ITA","Bronze"
"ITA","Silver"
"ITA","Silver"
"ITA","Silver"
"ITA","Gold"
"ITA","Gold"
"ITA","Silver"
"ITA","Bronze"
"ITA","Gold"
"ITA","Bronze"
"ITA","Gold"
"ITA","Bronze"
"ITA","Bronze"
"ITA","Bronze"
"ITA","Gold"
"ITA","Bronze"
"ITA","Bronze"
"ITA","Gold"
"ITA","Bronze"
"ITA","Bronze"
"ITA","Bronze"
"ITA","Silver"
"ITA","Bronze"
"ITA","Bronze"
"ITA","Bronze"
"ITA","Silver"
"ITA","Bronze"
"ITA","Gold"
"ITA","Silver"
"ITA","Gold"
"ITA","Bronze"
"ITA","Bronze"
"ITA","Bronze"
"ITA","Silver"
"ITA","Bronze"
"ITA","Bronze"
"ITA","Bronze"
"ITA","Silver"
"ITA","Gold"
"ITA","Bronze"
"ITA","Gold"
"ITA","Bronze"
"ITA","Bronze"
"ITA","Gold"
"ITA","Gold"
"ITA","Bronze"
"ITA","Bronze"
"ITA","Gold"
"ITA","Gold"
"ITA","Gold"
"ITA","Bronze"
"ITA","Gold"
"ITA","Bronze"
"ITA","Gold"
"ITA","Gold"
"ITA","Gold"
"ITA","Silver"
"ITA","Bronze"
"ITA","Silver"
"ITA","Bronze"
"ITA","Bronze"
"ITA","Bronze"
"ITA","Silver"
"ITA","Silver"
"ITA","Silver"
"ITA","Gold"
"ITA","Silver"
"ITA","Bronze"
"ITA","Bronze"
"ITA","Silver"
"ITA","Gold"
"ITA","Gold"
"ITA","Gold"
"ITA","Silver"
"ITA","Bronze"
"ITA","Silver"
"ITA","Silver"
"ITA","Gold"
"ITA","Gold"
"ITA","Gold"
"ITA","Bronze"
"ITA","Silver"
"ITA","Bronze"
"ITA","Silver"
"ITA","Gold"
"ITA","Bronze"
"ITA","Silver"
"ITA","Bronze"
"ITA","Gold"
"ITA","Bronze"
"ITA","Bronze"
"ITA","Gold"
"ITA","Silver"
"ITA","Bronze"
"ITA","Bronze"
"ITA","Silver"
"ITA","Bronze"
"JPN","Silver"
"JPN","Gold"
"JPN","Bronze"
"JPN","Bronze"
"JPN","Bronze"
"JPN","Gold"
"JPN","Gold"
"JPN","Gold"
"JPN","Bronze"
"JPN","Silver"
"JPN","Silver"
"JPN","Gold"
"JPN","Gold"
"JPN","Bronze"
"JPN","Silver"
"JPN","Bronze"
"JPN","Bronze"
"JPN","Silver"
"JPN","Bronze"
"JPN","Silver"
"JPN","Silver"
"JPN","Silver"
"JPN","Bronze"
"JPN","Bronze"
"JPN","Gold"
"JPN","Gold"
"JPN","Silver"
"JPN","Gold"
"JPN","Gold"
"JPN","Silver"
"JPN","Bronze"
"JPN","Silver"
"JPN","Silver"
"JPN","Bronze"
"JPN","Silver"
"JPN","Silver"
"JPN","Gold"
"JPN","Bronze"
"JPN","Silver"
"JPN","Silver"
"JPN","Gold"
"JPN","Silver"
"JPN","Silver"
"JPN","Silver"
"JPN","Bronze"
"JPN","Bronze"
"JPN","Gold"
"JPN","Bronze"
"JPN","Bronze"
"JPN","Bronze"
"JPN","Gold"
"JPN","Bronze"
"JPN","Bronze"
"JPN","Silver"
"JPN","Bronze"
"JPN","Silver"
"JPN","Gold"
"JPN","Silver"
"JPN","Gold"
"JPN","Gold"
"JPN","Bronze"
"JPN","Bronze"
"JPN","Bronze"
"KAZ","Silver"
"KAZ","Gold"
"KAZ","Silver"
"KAZ","Bronze"
"KAZ","Bronze"
"KAZ","Silver"
"KAZ","Bronze"
"KOR","Gold"
"KOR","Gold"
"KOR","Silver"
"KOR","Gold"
"KOR","Gold"
"KOR","Bronze"
"KOR","Silver"
"KOR","Gold"
"KOR","Gold"
"KOR","Silver"
"KOR","Silver"
"KOR","Silver"
"KOR","Silver"
"KOR","Silver"
"KOR","Silver"
"KOR","Gold"
"KOR","Gold"
"KOR","Gold"
"KOR","Gold"
"KOR","Gold"
"KOR","Bronze"
"KOR","Gold"
"KOR","Gold"
"KOR","Bronze"
"KOR","Silver"
"KOR","Gold"
"KOR","Gold"
"KOR","Silver"
"KOR","Gold"
"KOR","Gold"
"KOR","Gold"
"KOR","Silver"
"KOR","Gold"
"KOR","Bronze"
"KOR","Silver"
"KOR","Gold"
"KOR","Gold"
"KOR","Gold"
"KOR","Silver"
"KOR","Silver"
"KOR","Gold"
"KOR","Silver"
"KOR","Gold"
"KOR","Silver"
"KOR","Silver"
"KOR","Gold"
"KOR","Silver"
"KOR","Gold"
"KOR","Silver"
"KOR","Gold"
"KOR","Gold"
"KOR","Silver"
"KOR","Gold"
"KOR","Silver"
"KOR","Gold"
"KOR","Gold"
"KOR","Gold"
"KOR","Gold"
"KOR","Bronze"
"KOR","Silver"
"KOR","Bronze"
"KOR","Gold"
"KOR","Gold"
"KOR","Gold"
"KOR","Gold"
"KOR","Gold"
"KOR","Gold"
"KOR","Gold"
"KOR","Silver"
"KOR","Gold"
"KOR","Gold"
"KOR","Gold"
"KOR","Gold"
"KOR","Silver"
"KOR","Silver"
"KOR","Bronze"
"KOR","Gold"
"KOR","Silver"
"KOR","Gold"
"KOR","Gold"
"KOR","Gold"
"KOR","Bronze"
"KOR","Gold"
"KOR","Bronze"
"KOR","Bronze"
"KOR","Gold"
"KOR","Gold"
"LAT","Silver"
"LAT","Bronze"
"LAT","Bronze"
"LAT","Bronze"
"LAT","Bronze"
"LAT","Bronze"
"LAT","Silver"
"LAT","Silver"
"LAT","Silver"
"LAT","Bronze"
"LAT","Silver"
"LAT","Silver"
"LAT","Bronze"
"LAT","Silver"
"LAT","Silver"
"LIE","Gold"
"LIE","Bronze"
"LIE","Bronze"
"LIE","Silver"
"LIE","Silver"
"LIE","Bronze"
"LIE","Bronze"
"LIE","Gold"
"LIE","Bronze"
"LUX","Silver"
"LUX","Silver"
"NED","Gold"
"NED","Gold"
"NED","Bronze"
"NED","Bronze"
"NED","Silver"
"NED","Gold"
"NED","Bronze"
"NED","Gold"
"NED","Silver"
"NED","Bronze"
"NED","Bronze"
"NED","Gold"
"NED","Silver"
"NED","Bronze"
"NED","Silver"
"NED","Gold"
"NED","Silver"
"NED","Bronze"
"NED","Silver"
"NED","Silver"
"NED","Silver"
"NED","Bronze"
"NED","Gold"
"NED","Gold"
"NED","Gold"
"NED","Bronze"
"NED","Gold"
"NED","Gold"
"NED","Bronze"
"NED","Silver"
"NED","Silver"
"NED","Gold"
"NED","Silver"
"NED","Gold"
"NED","Bronze"
"NED","Bronze"
"NED","Bronze"
"NED","Gold"
"NED","Bronze"
"NED","Silver"
"NED","Bronze"
"NED","Bronze"
"NED","Silver"
"NED","Bronze"
"NED","Gold"
"NED","Bronze"
"NED","Gold"
"NED","Gold"
"NED","Bronze"
"NED","Silver"
"NED","Bronze"
"NED","Silver"
"NED","Gold"
"NED","Gold"
"NED","Bronze"
"NED","Bronze"
"NED","Gold"
"NED","Bronze"
"NED","Bronze"
"NED","Gold"
"NED","Silver"
"NED","Gold"
"NED","Gold"
"NED","Bronze"
"NED","Silver"
"NED","Gold"
"NED","Bronze"
"NED","Silver"
"NED","Bronze"
"NED","Bronze"
"NED","Silver"
"NED","Gold"
"NED","Bronze"
"NED","Gold"
"NED","Silver"
"NED","Gold"
"NED","Gold"
"NED","Bronze"
"NED","Gold"
"NED","Silver"
"NED","Bronze"
"NED","Bronze"
"NED","Silver"
"NED","Silver"
"NED","Bronze"
"NED","Silver"
"NED","Gold"
"NED","Silver"
"NED","Silver"
"NED","Silver"
"NED","Bronze"
"NED","Gold"
"NED","Bronze"
"NED","Silver"
"NED","Silver"
"NED","Bronze"
"NED","Gold"
"NED","Gold"
"NED","Silver"
"NED","Silver"
"NED","Gold"
"NED","Gold"
"NED","Bronze"
"NED","Silver"
"NED","Gold"
"NED","Silver"
"NED","Silver"
"NED","Bronze"
"NED","Gold"
"NED","Silver"
"NED","Silver"
"NED","Gold"
"NED","Silver"
"NED","Bronze"
"NED","Gold"
"NED","Gold"
"NED","Silver"
"NED","Bronze"
"NED","Bronze"
"NED","Gold"
"NED","Bronze"
"NED","Gold"
"NOR","Silver"
"NOR","Gold"
"NOR","Silver"
"NOR","Silver"
"NOR","Gold"
"NOR","Gold"
"NOR","Silver"
"NOR","Gold"
"NOR","Bronze"
"NOR","Gold"
"NOR","Bronze"
"NOR","Bronze"
"NOR","Silver"
"NOR","Gold"
"NOR","Gold"
"NOR","Bronze"
"NOR","Bronze"
"NOR","Gold"
"NOR","Bronze"
"NOR","Silver"
"NOR","Gold"
"NOR","Gold"
"NOR","Gold"
"NOR","Gold"
"NOR","Silver"
"NOR","Silver"
"NOR","Gold"
"NOR","Gold"
"NOR","Silver"
"NOR","Bronze"
"NOR","Silver"
"NOR","Bronze"
"NOR","Bronze"
"NOR","Gold"
"NOR","Silver"
"NOR","Gold"
"NOR","Gold"
"NOR","Bronze"
"NOR","Gold"
"NOR","Gold"
"NOR","Silver"
"NOR","Gold"
"NOR","Bronze"
"NOR","Silver"
"NOR","Bronze"
"NOR","Silver"
"NOR","Bronze"
"NOR","Gold"
"NOR","Silver"
"NOR","Silver"
"NOR","Gold"
"NOR","Gold"
"NOR","Gold"
"NOR","Silver"
"NOR","Bronze"
"NOR","Silver"
"NOR","Silver"
"NOR","Gold"
"NOR","Gold"
"NOR","Bronze"
"NOR","Gold"
"NOR","Bronze"
"NOR","Bronze"
"NOR","Gold"
"NOR","Silver"
"NOR","Gold"
"NOR","Gold"
"NOR","Bronze"
"NOR","Silver"
"NOR","Gold"
"NOR","Bronze"
"NOR","Gold"
"NOR","Gold"
"NOR","Bronze"
"NOR","Silver"
"NOR","Silver"
"NOR","Gold"
"NOR","Silver"
"NOR","Silver"
"NOR","Bronze"
"NOR","Silver"
"NOR","Silver"
"NOR","Gold"
"NOR","Bronze"
"NOR","Silver"
"NOR","Gold"
"NOR","Gold"
"NOR","Silver"
"NOR","Gold"
"NOR","Bronze"
"NOR","Bronze"
"NOR","Bronze"
"NOR","Silver"
"NOR","Bronze"
"NOR","Bronze"
"NOR","Silver"
"NOR","Bronze"
"NOR","Silver"
"NOR","Gold"
"NOR","Gold"
"NOR","Silver"
"NOR","Silver"
"NOR","Bronze"
"NOR","Gold"
"NOR","Bronze"
"NOR","Silver"
"NOR","Silver"
"NOR","Bronze"
"NOR","Bronze"
"NOR","Bronze"
"NOR","Bronze"
"NOR","Bronze"
"NOR","Bronze"
"NOR","Bronze"
"NOR","Bronze"
"NOR","Gold"
"NOR","Gold"
"NOR","Bronze"
"NOR","Gold"
"NOR","Bronze"
"NOR","Silver"
"NOR","Silver"
"NOR","Silver"
"NOR","Silver"
"NOR","Silver"
"NOR","Bronze"
"NOR","Gold"
"NOR","Silver"
"NOR","Silver"
"NOR","Bronze"
"NOR","Gold"
"NOR","Bronze"
"NOR","Gold"
"NOR","Bronze"
"NOR","Bronze"
"NOR","Bronze"
"NOR","Silver"
"NOR","Bronze"
"NOR","Bronze"
"NOR","Silver"
"NOR","Silver"
"NOR","Gold"
"NOR","Gold"
"NOR","Silver"
"NOR","Gold"
"NOR","Gold"
"NOR","Gold"
"NOR","Silver"
"NOR","Silver"
"NOR","Silver"
"NOR","Bronze"
"NOR","Bronze"
"NOR","Gold"
"NOR","Silver"
"NOR","Gold"
"NOR","Silver"
"NOR","Bronze"
"NOR","Bronze"
"NOR","Gold"
"NOR","Gold"
"NOR","Bronze"
"NOR","Bronze"
"NOR","Silver"
"NOR","Silver"
"NOR","Bronze"
"NOR","Bronze"
"NOR","Silver"
"NOR","Bronze"
"NOR","Silver"
"NOR","Silver"
"NOR","Gold"
"NOR","Silver"
"NOR","Gold"
"NOR","Silver"
"NOR","Silver"
"NOR","Silver"
"NOR","Gold"
"NOR","Gold"
"NOR","Bronze"
"NOR","Gold"
"NOR","Silver"
"NOR","Gold"
"NOR","Gold"
"NOR","Bronze"
"NOR","Gold"
"NOR","Gold"
"NOR","Silver"
"NOR","Gold"
"NOR","Silver"
"NOR","Silver"
"NOR","Bronze"
"NOR","Silver"
"NOR","Bronze"
"NOR","Bronze"
"NOR","Gold"
"NOR","Gold"
"NOR","Bronze"
"NOR","Silver"
"NOR","Gold"
"NOR","Silver"
"NOR","Gold"
"NOR","Bronze"
"NOR","Bronze"
"NOR","Bronze"
"NOR","Bronze"
"NOR","Silver"
"NOR","Bronze"
"NOR","Silver"
"NOR","Silver"
"NOR","Silver"
"NOR","Silver"
"NOR","Gold"
"NOR","Silver"
"NOR","Bronze"
"NOR","Silver"
"NOR","Bronze"
"NOR","Gold"
"NOR","Gold"
"NOR","Silver"
"NOR","Gold"
"NOR","Gold"
"NOR","Silver"
"NOR","Gold"
"NOR","Silver"
"NOR","Gold"
"NOR","Silver"
"NOR","Gold"
"NOR","Bronze"
"NOR","Bronze"
"NOR","Silver"
"NOR","Silver"
"NOR","Gold"
"NOR","Silver"
"NOR","Silver"
"NOR","Gold"
"NOR","Gold"
"NOR","Silver"
"NOR","Silver"
"NOR","Gold"
"NOR","Silver"
"NOR","Bronze"
"NOR","Silver"
"NOR","Silver"
"NOR","Bronze"
"NOR","Bronze"
"NOR","Gold"
"NOR","Silver"
"NOR","Gold"
"NOR","Silver"
"NOR","Gold"
"NOR","Gold"
"NOR","Gold"
"NOR","Silver"
"NOR","Gold"
"NOR","Gold"
"NOR","Gold"
"NOR","Silver"
"NOR","Silver"
"NOR","Silver"
"NOR","Bronze"
"NOR","Silver"
"NOR","Silver"
"NOR","Silver"
"NOR","Silver"
"NOR","Silver"
"NOR","Gold"
"NOR","Silver"
"NOR","Gold"
"NOR","Gold"
"NOR","Bronze"
"NOR","Gold"
"NOR","Gold"
"NOR","Gold"
"NOR","Gold"
"NOR","Gold"
"NOR","Silver"
"NOR","Silver"
"NOR","Gold"
"NOR","Gold"
"NOR","Gold"
"NOR","Silver"
"NOR","Gold"
"NOR","Gold"
"NOR","Bronze"
"NOR","Silver"
"NOR","Silver"
"NOR","Gold"
"NOR","Silver"
"NOR","Bronze"
"NOR","Gold"
"NOR","Silver"
"NOR","Silver"
"NOR","Silver"
"NOR","Silver"
"NOR","Gold"
"NOR","Bronze"
"NOR","Silver"
"NOR","Silver"
"NOR","Bronze"
"NOR","Bronze"
"NOR","Silver"
"NOR","Bronze"
"NOR","Silver"
"NOR","Silver"
"NOR","Gold"
"NOR","Bronze"
"NOR","Silver"
"NOR","Bronze"
"NOR","Bronze"
"NOR","Gold"
"NOR","Gold"
"NOR","Bronze"
"NOR","Gold"
"NOR","Bronze"
"NOR","Gold"
"NOR","Gold"
"NOR","Silver"
"NOR","Bronze"
"NOR","Gold"
"NOR","Silver"
"NOR","Gold"
"NOR","Gold"
"NOR","Bronze"
"NOR","Bronze"
"NOR","Silver"
"NOR","Silver"
"NOR","Silver"
"NOR","Silver"
"NOR","Bronze"
"NOR","Silver"
"NOR","Gold"
"NOR","Gold"
"NOR","Bronze"
"NOR","Gold"
"NOR","Bronze"
"NOR","Silver"
"NOR","Gold"
"NOR","Gold"
"NOR","Silver"
"NOR","Silver"
"NOR","Silver"
"NOR","Silver"
"NOR","Gold"
"NOR","Gold"
"NOR","Bronze"
"NOR","Gold"
"NOR","Bronze"
"NOR","Gold"
"NOR","Bronze"
"NOR","Silver"
"NOR","Gold"
"NOR","Gold"
"NOR","Silver"
"NOR","Bronze"
"NOR","Silver"
"NOR","Silver"
"NOR","Gold"
"NOR","Silver"
"NOR","Bronze"
"NOR","Silver"
"NOR","Gold"
"NOR","Gold"
"NOR","Gold"
"NOR","Bronze"
"NOR","Bronze"
"NOR","Gold"
"NOR","Gold"
"NOR","Silver"
"NOR","Gold"
"NOR","Silver"
"NOR","Silver"
"NOR","Gold"
"NOR","Gold"
"NOR","Gold"
"NOR","Bronze"
"NOR","Gold"
"NOR","Bronze"
"NOR","Bronze"
"NOR","Gold"
"NOR","Gold"
"NOR","Silver"
"NOR","Silver"
"NOR","Gold"
"NOR","Silver"
"NOR","Bronze"
"NOR","Bronze"
"NOR","Silver"
"NOR","Silver"
"NOR","Gold"
"NOR","Bronze"
"NOR","Gold"
"NOR","Bronze"
"NOR","Silver"
"NOR","Silver"
"NOR","Bronze"
"NOR","Silver"
"NOR","Silver"
"NOR","Silver"
"NOR","Gold"
"NOR","Silver"
"NOR","Bronze"
"NOR","Bronze"
"NOR","Silver"
"NOR","Bronze"
"NOR","Silver"
"NOR","Bronze"
"NOR","Silver"
"NOR","Silver"
"NOR","Bronze"
"NOR","Silver"
"NOR","Bronze"
"NOR","Gold"
"NOR","Bronze"
"NOR","Gold"
"NOR","Silver"
"NOR","Gold"
"NOR","Bronze"
"NOR","Bronze"
"NOR","Bronze"
"NOR","Gold"
"NOR","Bronze"
"NOR","Bronze"
"NOR","Bronze"
"NOR","Silver"
"NOR","Bronze"
"NOR","Gold"
"NOR","Gold"
"NOR","Bronze"
"NOR","Gold"
"NOR","Gold"
"NOR","Silver"
"NOR","Gold"
"NOR","Gold"
"NOR","Silver"
"NOR","Gold"
"NOR","Gold"
"NOR","Gold"
"NOR","Silver"
"NOR","Silver"
"NOR","Silver"
"NOR","Silver"
"NOR","Silver"
"NOR","Silver"
"NOR","Gold"
"NOR","Silver"
"NOR","Silver"
"NOR","Silver"
"NOR","Gold"
"NOR","Bronze"
"NOR","Silver"
"NOR","Silver"
"NOR","Silver"
"NOR","Silver"
"NOR","Silver"
"NOR","Bronze"
"NOR","Bronze"
"NOR","Gold"
"NZL","Silver"
"POL","Bronze"
"POL","Bronze"
"POL","Silver"
"POL","Bronze"
"POL","Gold"
"POL","Bronze"
"POL","Silver"
"POL","Silver"
"POL","Gold"
"POL","Silver"
"POL","Bronze"
"POL","Bronze"
"POL","Gold"
"POL","Silver"
"POL","Gold"
"POL","Silver"
"POL","Bronze"
"POL","Silver"
"POL","Gold"
"POL","Bronze"
"POL","Gold"
"POL","Silver"
"POL","Bronze"
"POL","Bronze"
"POL","Silver"
"POL","Bronze"
"POL","Silver"
"PRK","Silver"
"PRK","Bronze"
"RUS","Bronze"
"RUS","Gold"
"RUS","Gold"
"RUS","Silver"
"RUS","Silver"
"RUS","Silver"
"RUS","Gold"
"RUS","Silver"
"RUS","Silver"
"RUS","Gold"
"RUS","Silver"
"RUS","Gold"
"RUS","Gold"
"RUS","Silver"
"RUS","Gold"
"RUS","Silver"
"RUS","Gold"
"RUS","Gold"
"RUS","Bronze"
"RUS","Silver"
"RUS","Silver"
"RUS","Gold"
"RUS","Gold"
"RUS","Bronze"
"RUS","Silver"
"RUS","Gold"
"RUS","Silver"
"RUS","Gold"
"RUS","Silver"
"RUS","Gold"
"RUS","Bronze"
"RUS","Gold"
"RUS","Bronze"
"RUS","Bronze"
"RUS","Silver"
"RUS","Silver"
"RUS","Bronze"
"RUS","Gold"
"RUS","Silver"
"RUS","Silver"
"RUS","Gold"
"RUS","Gold"
"RUS","Gold"
"RUS","Silver"
"RUS","Gold"
"RUS","Silver"
"RUS","Bronze"
"RUS","Silver"
"RUS","Gold"
"RUS","Silver"
"RUS","Bronze"
"RUS","Silver"
"RUS","Silver"
"RUS","Gold"
"RUS","Silver"
"RUS","Gold"
"RUS","Bronze"
"RUS","Bronze"
"RUS","Gold"
"RUS","Gold"
"RUS","Gold"
"RUS","Bronze"
"RUS","Bronze"
"RUS","Gold"
"RUS","Silver"
"RUS","Gold"
"RUS","Gold"
"RUS","Gold"
"RUS","Silver"
"RUS","Gold"
"RUS","Silver"
"RUS","Silver"
"RUS","Gold"
"RUS","Gold"
"RUS","Silver"
"RUS","Gold"
"RUS","Bronze"
"RUS","Silver"
"RUS","Gold"
"RUS","Silver"
"RUS","Gold"
"RUS","Silver"
"RUS","Silver"
"RUS","Gold"
"RUS","Silver"
"RUS","Gold"
"RUS","Silver"
"RUS","Gold"
"RUS","Bronze"
"RUS","Silver"
"RUS","Bronze"
"RUS","Bronze"
"RUS","Gold"
"RUS","Bronze"
"RUS","Gold"
"RUS","Silver"
"RUS","Bronze"
"RUS","Gold"
"RUS","Silver"
"RUS","Gold"
"RUS","Gold"
"RUS","Bronze"
"RUS","Bronze"
"RUS","Bronze"
"RUS","Gold"
"RUS","Silver"
"RUS","Silver"
"RUS","Bronze"
"RUS","Gold"
"RUS","Bronze"
"RUS","Bronze"
"RUS","Gold"
"RUS","Silver"
"RUS","Bronze"
"RUS","Silver"
"RUS","Gold"
"RUS","Bronze"
"RUS","Silver"
"RUS","Bronze"
"RUS","Gold"
"RUS","Gold"
"RUS","Gold"
"RUS","Gold"
"RUS","Gold"
"RUS","Gold"
"RUS","Bronze"
"RUS","Gold"
"RUS","Gold"
"RUS","Bronze"
"RUS","Silver"
"RUS","Bronze"
"RUS","Gold"
"RUS","Bronze"
"RUS","Silver"
"RUS","Bronze"
"RUS","Bronze"
"RUS","Silver"
"RUS","Bronze"
"RUS","Silver"
"RUS","Gold"
"RUS","Silver"
"RUS","Silver"
"RUS","Gold"
"RUS","Gold"
"RUS","Bronze"
"RUS","Bronze"
"RUS","Silver"
"RUS","Silver"
"RUS","Gold"
"RUS","Bronze"
"RUS","Silver"
"RUS","Bronze"
"RUS","Bronze"
"RUS","Silver"
"RUS","Silver"
"RUS","Bronze"
"RUS","Gold"
"RUS","Silver"
"RUS","Gold"
"RUS","Bronze"
"RUS","Silver"
"RUS","Bronze"
"RUS","Bronze"
"RUS","Bronze"
"RUS","Bronze"
"RUS","Bronze"
"RUS","Silver"
"RUS","Bronze"
"RUS","Bronze"
"RUS","Gold"
"RUS","Silver"
"RUS","Silver"
"RUS","Bronze"
"RUS","Gold"
"RUS","Gold"
"RUS","Bronze"
"RUS","Silver"
"RUS","Gold"
"RUS","Silver"
"RUS","Gold"
"RUS","Gold"
"RUS","Gold"
"RUS","Bronze"
"RUS","Silver"
"RUS","Silver"
"RUS","Bronze"
"RUS","Silver"
"RUS","Gold"
"RUS","Silver"
"RUS","Silver"
"RUS","Bronze"
"RUS","Gold"
"RUS","Bronze"
"RUS","Gold"
"RUS","Bronze"
"RUS","Silver"
"RUS","Gold"
"RUS","Gold"
"RUS","Gold"
"RUS","Gold"
"RUS","Gold"
"RUS","Silver"
"RUS","Silver"
"RUS","Gold"
"RUS","Silver"
"RUS","Bronze"
"RUS","Gold"
"RUS","Bronze"
"RUS","Silver"
"RUS","Silver"
"RUS","Bronze"
"RUS","Bronze"
"RUS","Gold"
"RUS","Silver"
"RUS","Silver"
"RUS","Bronze"
"RUS","Silver"
"RUS","Bronze"
"RUS","Gold"
"RUS","Gold"
"RUS","Silver"
"RUS","Bronze"
"RUS","Gold"
"RUS","Silver"
"RUS","Bronze"
"RUS","Silver"
"RUS","Bronze"
"RUS","Silver"
"RUS","Silver"
"RUS","Bronze"
"RUS","Gold"
"RUS","Gold"
"RUS","Bronze"
"RUS","Gold"
"RUS","Silver"
"RUS","Bronze"
"RUS","Bronze"
"RUS","Gold"
"RUS","Silver"
"RUS","Bronze"
"RUS","Gold"
"RUS","Bronze"
"RUS","Silver"
"RUS","Silver"
"RUS","Silver"
"RUS","Bronze"
"RUS","Bronze"
"RUS","Gold"
"RUS","Gold"
"RUS","Bronze"
"RUS","Bronze"
"RUS","Bronze"
"RUS","Bronze"
"RUS","Bronze"
"RUS","Gold"
"RUS","Silver"
"RUS","Silver"
"RUS","Gold"
"RUS","Silver"
"RUS","Gold"
"RUS","Silver"
"RUS","Silver"
"RUS","Bronze"
"SLO","Silver"
"SLO","Bronze"
"SLO","Bronze"
"SLO","Silver"
"SLO","Silver"
"SLO","Bronze"
"SLO","Silver"
"SLO","Bronze"
"SLO","Bronze"
"SLO","Bronze"
"SLO","Bronze"
"SLO","Bronze"
"SLO","Bronze"
"SLO","Bronze"
"SLO","Gold"
"SLO","Bronze"
"SLO","Bronze"
"SLO","Gold"
"SUI","Bronze"
"SUI","Gold"
"SUI","Gold"
"SUI","Bronze"
"SUI","Gold"
"SUI","Bronze"
"SUI","Silver"
"SUI","Bronze"
"SUI","Bronze"
"SUI","Bronze"
"SUI","Bronze"
"SUI","Bronze"
"SUI","Gold"
"SUI","Bronze"
"SUI","Bronze"
"SUI","Gold"
"SUI","Bronze"
"SUI","Silver"
"SUI","Gold"
"SUI","Bronze"
"SUI","Bronze"
"SUI","Bronze"
"SUI","Bronze"
"SUI","Silver"
"SUI","Bronze"
"SUI","Silver"
"SUI","Gold"
"SUI","Bronze"
"SUI","Bronze"
"SUI","Gold"
"SUI","Bronze"
"SUI","Bronze"
"SUI","Silver"
"SUI","Gold"
"SUI","Silver"
"SUI","Bronze"
"SUI","Silver"
"SUI","Bronze"
"SUI","Gold"
"SUI","Silver"
"SUI","Silver"
"SUI","Silver"
"SUI","Gold"
"SUI","Bronze"
"SUI","Gold"
"SUI","Bronze"
"SUI","Bronze"
"SUI","Gold"
"SUI","Silver"
"SUI","Silver"
"SUI","Silver"
"SUI","Gold"
"SUI","Bronze"
"SUI","Silver"
"SUI","Bronze"
"SUI","Silver"
"SUI","Bronze"
"SUI","Bronze"
"SUI","Gold"
"SUI","Gold"
"SUI","Silver"
"SUI","Silver"
"SUI","Silver"
"SUI","Silver"
"SUI","Bronze"
"SUI","Silver"
"SUI","Bronze"
"SUI","Gold"
"SUI","Bronze"
"SUI","Silver"
"SUI","Bronze"
"SUI","Silver"
"SUI","Silver"
"SUI","Bronze"
"SUI","Bronze"
"SUI","Gold"
"SUI","Gold"
"SUI","Bronze"
"SUI","Bronze"
"SUI","Silver"
"SUI","Gold"
"SUI","Gold"
"SUI","Gold"
"SUI","Bronze"
"SUI","Silver"
"SUI","Gold"
"SUI","Gold"
"SUI","Gold"
"SUI","Bronze"
"SUI","Silver"
"SUI","Silver"
"SUI","Silver"
"SUI","Bronze"
"SUI","Bronze"
"SUI","Bronze"
"SUI","Bronze"
"SUI","Gold"
"SUI","Silver"
"SUI","Bronze"
"SUI","Gold"
"SUI","Bronze"
"SUI","Gold"
"SUI","Bronze"
"SUI","Bronze"
"SUI","Silver"
"SUI","Gold"
"SUI","Bronze"
"SUI","Bronze"
"SUI","Bronze"
"SUI","Silver"
"SUI","Bronze"
"SUI","Silver"
"SUI","Gold"
"SUI","Bronze"
"SUI","Bronze"
"SUI","Bronze"
"SUI","Bronze"
"SUI","Gold"
"SUI","Silver"
"SUI","Silver"
"SUI","Gold"
"SUI","Bronze"
"SUI","Bronze"
"SUI","Gold"
"SUI","Gold"
"SUI","Bronze"
"SUI","Bronze"
"SUI","Bronze"
"SUI","Silver"
"SUI","Silver"
"SUI","Silver"
"SUI","Silver"
"SUI","Gold"
"SUI","Bronze"
"SUI","Bronze"
"SUI","Gold"
"SUI","Gold"
"SUI","Bronze"
"SUI","Gold"
"SUI","Gold"
"SUI","Silver"
"SUI","Bronze"
"SUI","Bronze"
"SUI","Bronze"
"SUI","Silver"
"SUI","Silver"
"SUI","Bronze"
"SUI","Bronze"
"SUI","Bronze"
"SUI","Silver"
"SUI","Gold"
"SUI","Bronze"
"SUI","Gold"
"SUI","Silver"
"SUI","Gold"
"SUI","Gold"
"SUI","Silver"
"SUI","Gold"
"SUI","Gold"
"SUI","Silver"
"SUI","Silver"
"SUI","Gold"
"SUI","Bronze"
"SUI","Gold"
"SUI","Bronze"
"SUI","Silver"
"SUI","Bronze"
"SUI","Bronze"
"SUI","Gold"
"SUI","Silver"
"SUI","Gold"
"SUI","Bronze"
"SUI","Silver"
"SUI","Bronze"
"SUI","Gold"
"SUI","Gold"
"SUI","Bronze"
"SUI","Bronze"
"SUI","Bronze"
"SUI","Bronze"
"SUI","Bronze"
"SUI","Bronze"
"SUI","Silver"
"SUI","Bronze"
"SUI","Bronze"
"SUI","Silver"
"SUI","Gold"
"SUI","Bronze"
"SUI","Silver"
"SUI","Bronze"
"SUI","Bronze"
"SUI","Gold"
"SUI","Silver"
"SUI","Silver"
"SUI","Silver"
"SUI","Silver"
"SUI","Gold"
"SUI","Gold"
"SUI","Gold"
"SUI","Silver"
"SUI","Silver"
"SUI","Gold"
"SUI","Bronze"
"SUI","Bronze"
"SUI","Bronze"
"SUI","Gold"
"SUI","Gold"
"SUI","Silver"
"SUI","Gold"
"SUI","Silver"
"SUI","Silver"
"SUI","Bronze"
"SUI","Bronze"
"SUI","Bronze"
"SUI","Gold"
"SUI","Bronze"
"SUI","Gold"
"SUI","Bronze"
"SUI","Silver"
"SUI","Gold"
"SUI","Silver"
"SUI","Gold"
"SUI","Gold"
"SUI","Bronze"
"SUI","Gold"
"SUI","Bronze"
"SUI","Bronze"
"SUI","Silver"
"SUI","Bronze"
"SUI","Bronze"
"SUI","Bronze"
"SUI","Gold"
"SUI","Gold"
"SUI","Gold"
"SUI","Silver"
"SUI","Bronze"
"SUI","Bronze"
"SUI","Silver"
"SUI","Gold"
"SUI","Bronze"
"SUI","Silver"
"SUI","Silver"
"SUI","Bronze"
"SUI","Silver"
"SUI","Bronze"
"SUI","Bronze"
"SUI","Silver"
"SUI","Bronze"
"SUI","Bronze"
"SUI","Silver"
"SUI","Bronze"
"SUI","Bronze"
"SUI","Gold"
"SUI","Bronze"
"SUI","Bronze"
"SUI","Bronze"
"SUI","Bronze"
"SUI","Bronze"
"SUI","Silver"
"SUI","Gold"
"SUI","Bronze"
"SUI","Silver"
"SUI","Silver"
"SUI","Gold"
"SUI","Bronze"
"SUI","Gold"
"SUI","Bronze"
"SUI","Bronze"
"SUI","Gold"
"SUI","Bronze"
"SUI","Gold"
"SUI","Bronze"
"SUI","Bronze"
"SUI","Silver"
"SUI","Bronze"
"SUI","Bronze"
"SUI","Bronze"
"SUI","Bronze"
"SUI","Bronze"
"SUI","Silver"
"SUI","Bronze"
"SUI","Bronze"
"SUI","Bronze"
"SUI","Silver"
"SUI","Bronze"
"SVK","Silver"
"SVK","Gold"
"SVK","Gold"
"SVK","Bronze"
"SVK","Silver"
"SWE","Bronze"
"SWE","Bronze"
"SWE","Silver"
"SWE","Silver"
"SWE","Bronze"
"SWE","Silver"
"SWE","Silver"
"SWE","Bronze"
"SWE","Bronze"
"SWE","Bronze"
"SWE","Gold"
"SWE","Bronze"
"SWE","Gold"
"SWE","Silver"
"SWE","Bronze"
"SWE","Bronze"
"SWE","Bronze"
"SWE","Bronze"
"SWE","Bronze"
"SWE","Bronze"
"SWE","Gold"
"SWE","Silver"
"SWE","Gold"
"SWE","Bronze"
"SWE","Bronze"
"SWE","Bronze"
"SWE","Silver"
"SWE","Silver"
"SWE","Bronze"
"SWE","Bronze"
"SWE","Silver"
"SWE","Bronze"
"SWE","Gold"
"SWE","Silver"
"SWE","Bronze"
"SWE","Bronze"
"SWE","Gold"
"SWE","Silver"
"SWE","Gold"
"SWE","Bronze"
"SWE","Gold"
"SWE","Bronze"
"SWE","Bronze"
"SWE","Gold"
"SWE","Bronze"
"SWE","Gold"
"SWE","Gold"
"SWE","Bronze"
"SWE","Gold"
"SWE","Gold"
"SWE","Bronze"
"SWE","Bronze"
"SWE","Bronze"
"SWE","Bronze"
"SWE","Bronze"
"SWE","Bronze"
"SWE","Silver"
"SWE","Bronze"
"SWE","Gold"
"SWE","Bronze"
"SWE","Silver"
"SWE","Gold"
"SWE","Silver"
"SWE","Silver"
"SWE","Gold"
"SWE","Silver"
"SWE","Silver"
"SWE","Gold"
"SWE","Bronze"
"SWE","Gold"
"SWE","Bronze"
"SWE","Silver"
"SWE","Silver"
"SWE","Bronze"
"SWE","Bronze"
"SWE","Bronze"
"SWE","Silver"
"SWE","Bronze"
"SWE","Gold"
"SWE","Bronze"
"SWE","Bronze"
"SWE","Bronze"
"SWE","Silver"
"SWE","Bronze"
"SWE","Gold"
"SWE","Gold"
"SWE","Gold"
"SWE","Gold"
"SWE","Gold"
"SWE","Silver"
"SWE","Gold"
"SWE","Silver"
"SWE","Gold"
"SWE","Silver"
"SWE","Silver"
"SWE","Bronze"
"SWE","Silver"
"SWE","Bronze"
"SWE","Gold"
"SWE","Gold"
"SWE","Silver"
"SWE","Gold"
"SWE","Gold"
"SWE","Gold"
"SWE","Gold"
"SWE","Silver"
"SWE","Silver"
"SWE","Gold"
"SWE","Gold"
"SWE","Bronze"
"SWE","Silver"
"SWE","Silver"
"SWE","Gold"
"SWE","Bronze"
"SWE","Bronze"
"SWE","Gold"
"SWE","Bronze"
"SWE","Silver"
"SWE","Bronze"
"SWE","Silver"
"SWE","Silver"
"SWE","Silver"
"SWE","Silver"
"SWE","Bronze"
"SWE","Gold"
"SWE","Bronze"
"SWE","Silver"
"SWE","Silver"
"SWE","Gold"
"SWE","Gold"
"SWE","Gold"
"SWE","Gold"
"SWE","Gold"
"SWE","Gold"
"SWE","Silver"
"SWE","Gold"
"SWE","Silver"
"SWE","Bronze"
"SWE","Gold"
"SWE","Bronze"
"SWE","Gold"
"SWE","Gold"
"SWE","Gold"
"SWE","Silver"
"SWE","Bronze"
"SWE","Bronze"
"SWE","Gold"
"SWE","Gold"
"SWE","Gold"
"SWE","Gold"
"SWE","Silver"
"SWE","Bronze"
"SWE","Silver"
"SWE","Bronze"
"SWE","Gold"
"SWE","Gold"
"SWE","Gold"
"SWE","Silver"
"SWE","Gold"
"SWE","Bronze"
"SWE","Gold"
"SWE","Bronze"
"SWE","Gold"
"SWE","Bronze"
"SWE","Gold"
"SWE","Bronze"
"SWE","Bronze"
"SWE","Bronze"
"SWE","Silver"
"SWE","Gold"
"SWE","Bronze"
"SWE","Bronze"
"SWE","Silver"
"SWE","Gold"
"SWE","Gold"
"SWE","Gold"
"SWE","Bronze"
"SWE","Gold"
"SWE","Bronze"
"SWE","Gold"
"SWE","Silver"
"SWE","Silver"
"SWE","Silver"
"SWE","Bronze"
"SWE","Bronze"
"SWE","Gold"
"SWE","Bronze"
"SWE","Silver"
"SWE","Silver"
"SWE","Gold"
"SWE","Gold"
"SWE","Silver"
"SWE","Silver"
"SWE","Silver"
"SWE","Silver"
"SWE","Gold"
"SWE","Gold"
"SWE","Gold"
"SWE","Bronze"
"SWE","Bronze"
"SWE","Silver"
"SWE","Bronze"
"SWE","Bronze"
"SWE","Bronze"
"SWE","Bronze"
"SWE","Silver"
"SWE","Silver"
"SWE","Gold"
"SWE","Gold"
"SWE","Silver"
"SWE","Gold"
"SWE","Bronze"
"SWE","Bronze"
"SWE","Gold"
"SWE","Bronze"
"SWE","Bronze"
"SWE","Gold"
"SWE","Bronze"
"SWE","Bronze"
"SWE","Bronze"
"SWE","Gold"
"SWE","Silver"
"SWE","Bronze"
"SWE","Bronze"
"SWE","Bronze"
"SWE","Silver"
"SWE","Bronze"
"SWE","Silver"
"SWE","Silver"
"SWE","Bronze"
"SWE","Silver"
"SWE","Bronze"
"SWE","Bronze"
"SWE","Gold"
"SWE","Bronze"
"SWE","Bronze"
"SWE","Gold"
"SWE","Gold"
"SWE","Silver"
"SWE","Gold"
"SWE","Bronze"
"SWE","Silver"
"SWE","Gold"
"SWE","Bronze"
"SWE","Silver"
"SWE","Bronze"
"SWE","Bronze"
"SWE","Silver"
"SWE","Bronze"
"SWE","Silver"
"SWE","Silver"
"SWE","Silver"
"SWE","Silver"
"SWE","Bronze"
"SWE","Bronze"
"SWE","Bronze"
"SWE","Gold"
"SWE","Silver"
"SWE","Silver"
"SWE","Silver"
"SWE","Gold"
"SWE","Bronze"
"SWE","Bronze"
"SWE","Gold"
"SWE","Gold"
"SWE","Silver"
"SWE","Silver"
"SWE","Bronze"
"SWE","Gold"
"SWE","Silver"
"SWE","Gold"
"SWE","Silver"
"SWE","Silver"
"SWE","Silver"
"SWE","Bronze"
"SWE","Bronze"
"SWE","Gold"
"SWE","Gold"
"SWE","Silver"
"SWE","Silver"
"SWE","Gold"
"SWE","Bronze"
"SWE","Bronze"
"SWE","Bronze"
"SWE","Gold"
"SWE","Bronze"
"SWE","Bronze"
"SWE","Gold"
"SWE","Bronze"
"SWE","Bronze"
"SWE","Gold"
"SWE","Bronze"
"SWE","Silver"
"SWE","Bronze"
"SWE","Silver"
"SWE","Bronze"
"SWE","Bronze"
"SWE","Bronze"
"SWE","Bronze"
"SWE","Bronze"
"SWE","Bronze"
"SWE","Bronze"
"SWE","Silver"
"SWE","Silver"
"SWE","Silver"
"SWE","Silver"
"SWE","Silver"
"SWE","Bronze"
"SWE","Silver"
"SWE","Gold"
"SWE","Gold"
"SWE","Silver"
"SWE","Silver"
"SWE","Silver"
"SWE","Silver"
"SWE","Gold"
"SWE","Gold"
"SWE","Silver"
"SWE","Silver"
"SWE","Bronze"
"SWE","Silver"
"SWE","Silver"
"SWE","Silver"
"SWE","Bronze"
"SWE","Bronze"
"SWE","Bronze"
"SWE","Gold"
"SWE","Bronze"
"SWE","Bronze"
"SWE","Bronze"
"SWE","Silver"
"SWE","Bronze"
"SWE","Bronze"
"SWE","Silver"
"SWE","Gold"
"SWE","Bronze"
"SWE","Bronze"
"SWE","Silver"
"SWE","Gold"
"SWE","Gold"
"SWE","Bronze"
"SWE","Bronze"
"SWE","Silver"
"SWE","Silver"
"SWE","Bronze"
"SWE","Bronze"
"SWE","Silver"
"SWE","Bronze"
"SWE","Gold"
"SWE","Gold"
"SWE","Bronze"
"SWE","Gold"
"SWE","Silver"
"SWE","Bronze"
"SWE","Bronze"
"SWE","Gold"
"SWE","Silver"
"SWE","Silver"
"SWE","Bronze"
"SWE","Gold"
"SWE","Bronze"
"SWE","Bronze"
"SWE","Gold"
"SWE","Silver"
"SWE","Bronze"
"SWE","Silver"
"SWE","Bronze"
"SWE","Silver"
"SWE","Silver"
"SWE","Silver"
"SWE","Bronze"
"SWE","Silver"
"SWE","Bronze"
"SWE","Gold"
"SWE","Gold"
"SWE","Bronze"
"SWE","Gold"
"SWE","Silver"
"SWE","Silver"
"SWE","Bronze"
"SWE","Bronze"
"SWE","Gold"
"SWE","Silver"
"SWE","Bronze"
"SWE","Silver"
"SWE","Bronze"
"SWE","Gold"
"SWE","Bronze"
"SWE","Silver"
"SWE","Bronze"
"SWE","Bronze"
"SWE","Silver"
"SWE","Bronze"
"SWE","Bronze"
"SWE","Bronze"
"SWE","Bronze"
"SWE","Gold"
"SWE","Silver"
"SWE","Gold"
"SWE","Gold"
"SWE","Gold"
"SWE","Silver"
"SWE","Silver"
"SWE","Gold"
"SWE","Bronze"
"SWE","Bronze"
"SWE","Gold"
"SWE","Bronze"
"SWE","Gold"
"SWE","Bronze"
"SWE","Gold"
"SWE","Bronze"
"SWE","Silver"
"SWE","Silver"
"SWE","Bronze"
"SWE","Silver"
"SWE","Bronze"
"SWE","Silver"
"SWE","Bronze"
"SWE","Bronze"
"SWE","Bronze"
"SWE","Gold"
"SWE","Bronze"
"SWE","Bronze"
"SWE","Gold"
"SWE","Gold"
"SWE","Gold"
"SWE","Bronze"
"SWE","Bronze"
"SWE","Bronze"
"SWE","Silver"
"SWE","Gold"
"SWE","Gold"
"UKR","Gold"
"UKR","Bronze"
"UKR","Gold"
"UKR","Bronze"
"UKR","Bronze"
"UKR","Gold"
"UKR","Bronze"
"UKR","Silver"
"UKR","Gold"
"UKR","Gold"
"UKR","Bronze"
"USA","Silver"
"USA","Bronze"
"USA","Gold"
"USA","Bronze"
"USA","Silver"
"USA","Gold"
"USA","Gold"
"USA","Bronze"
"USA","Silver"
"USA","Silver"
"USA","Silver"
"USA","Silver"
"USA","Gold"
"USA","Gold"
"USA","Silver"
"USA","Silver"
"USA","Gold"
"USA","Silver"
"USA","Silver"
"USA","Silver"
"USA","Silver"
"USA","Silver"
"USA","Gold"
"USA","Gold"
"USA","Silver"
"USA","Gold"
"USA","Silver"
"USA","Bronze"
"USA","Silver"
"USA","Silver"
"USA","Silver"
"USA","Gold"
"USA","Silver"
"USA","Silver"
"USA","Bronze"
"USA","Gold"
"USA","Silver"
"USA","Silver"
"USA","Silver"
"USA","Silver"
"USA","Silver"
"USA","Bronze"
"USA","Silver"
"USA","Silver"
"USA","Silver"
"USA","Gold"
"USA","Bronze"
"USA","Gold"
"USA","Silver"
"USA","Silver"
"USA","Silver"
"USA","Silver"
"USA","Silver"
"USA","Silver"
"USA","Silver"
"USA","Gold"
"USA","Bronze"
"USA","Silver"
"USA","Bronze"
"USA","Bronze"
"USA","Gold"
"USA","Silver"
"USA","Silver"
"USA","Bronze"
"USA","Bronze"
"USA","Silver"
"USA","Silver"
"USA","Silver"
"USA","Bronze"
"USA","Silver"
"USA","Silver"
"USA","Silver"
"USA","Silver"
"USA","Gold"
"USA","Gold"
"USA","Silver"
"USA","Gold"
"USA","Bronze"
"USA","Silver"
"USA","Silver"
"USA","Gold"
"USA","Silver"
"USA","Silver"
"USA","Bronze"
"USA","Silver"
"USA","Silver"
"USA","Gold"
"USA","Silver"
"USA","Gold"
"USA","Silver"
"USA","Silver"
"USA","Bronze"
"USA","Silver"
"USA","Silver"
"USA","Gold"
"USA","Gold"
"USA","Bronze"
"USA","Gold"
"USA","Silver"
"USA","Silver"
"USA","Silver"
"USA","Silver"
"USA","Gold"
"USA","Silver"
"USA","Gold"
"USA","Bronze"
"USA","Gold"
"USA","Silver"
"USA","Silver"
"USA","Gold"
"USA","Gold"
"USA","Bronze"
"USA","Gold"
"USA","Silver"
"USA","Gold"
"USA","Silver"
"USA","Bronze"
"USA","Gold"
"USA","Silver"
"USA","Gold"
"USA","Silver"
"USA","Bronze"
"USA","Silver"
"USA","Silver"
"USA","Silver"
"USA","Silver"
"USA","Bronze"
"USA","Bronze"
"USA","Silver"
"USA","Silver"
"USA","Gold"
"USA","Silver"
"USA","Silver"
"USA","Silver"
"USA","Bronze"
"USA","Silver"
"USA","Silver"
"USA","Gold"
"USA","Silver"
"USA","Bronze"
"USA","Bronze"
"USA","Gold"
"USA","Gold"
"USA","Silver"
"USA","Silver"
"USA","Gold"
"USA","Silver"
"USA","Silver"
"USA","Silver"
"USA","Silver"
"USA","Bronze"
"USA","Silver"
"USA","Silver"
"USA","Silver"
"USA","Silver"
"USA","Gold"
"USA","Silver"
"USA","Gold"
"USA","Silver"
"USA","Bronze"
"USA","Silver"
"USA","Gold"
"USA","Silver"
"USA","Bronze"
"USA","Silver"
"USA","Silver"
"USA","Silver"
"USA","Gold"
"USA","Bronze"
"USA","Gold"
"USA","Gold"
"USA","Silver"
"USA","Silver"
"USA","Bronze"
"USA","Silver"
"USA","Bronze"
"USA","Bronze"
"USA","Silver"
"USA","Silver"
"USA","Silver"
"USA","Bronze"
"USA","Silver"
"USA","Bronze"
"USA","Bronze"
"USA","Bronze"
"USA","Gold"
"USA","Silver"
"USA","Bronze"
"USA","Silver"
"USA","Gold"
"USA","Gold"
"USA","Silver"
"USA","Gold"
"USA","Silver"
"USA","Silver"
"USA","Silver"
"USA","Bronze"
"USA","Gold"
"USA","Silver"
"USA","Gold"
"USA","Bronze"
"USA","Silver"
"USA","Gold"
"USA","Gold"
"USA","Silver"
"USA","Bronze"
"USA","Bronze"
"USA","Silver"
"USA","Silver"
"USA","Gold"
"USA","Bronze"
"USA","Silver"
"USA","Silver"
"USA","Bronze"
"USA","Bronze"
"USA","Bronze"
"USA","Silver"
"USA","Silver"
"USA","Bronze"
"USA","Bronze"
"USA","Silver"
"USA","Silver"
"USA","Silver"
"USA","Silver"
"USA","Gold"
"USA","Bronze"
"USA","Silver"
"USA","Silver"
"USA","Silver"
"USA","Silver"
"USA","Silver"
"USA","Silver"
"USA","Silver"
"USA","Bronze"
"USA","Bronze"
"USA","Silver"
"USA","Silver"
"USA","Gold"
"USA","Silver"
"USA","Silver"
"USA","Silver"
"USA","Silver"
"USA","Silver"
"USA","Silver"
"USA","Silver"
"USA","Silver"
"USA","Silver"
"USA","Gold"
"USA","Silver"
"USA","Silver"
"USA","Silver"
"USA","Bronze"
"USA","Silver"
"USA","Silver"
"USA","Silver"
"USA","Bronze"
"USA","Silver"
"USA","Gold"
"USA","Bronze"
"USA","Bronze"
"USA","Bronze"
"USA","Bronze"
"USA","Bronze"
"USA","Bronze"
"USA","Bronze"
"USA","Bronze"
"USA","Bronze"
"USA","Bronze"
"USA","Bronze"
"USA","Bronze"
"USA","Bronze"
"USA","Bronze"
"USA","Bronze"
"USA","Bronze"
"USA","Bronze"
"USA","Silver"
"USA","Silver"
"USA","Silver"
"USA","Silver"
"USA","Silver"
"USA","Silver"
"USA","Silver"
"USA","Silver"
"USA","Silver"
"USA","Silver"
"USA","Silver"
"USA","Silver"
"USA","Silver"
"USA","Silver"
"USA","Gold"
"USA","Silver"
"USA","Silver"
"USA","Silver"
"USA","Silver"
"USA","Silver"
"USA","Silver"
"USA","Silver"
"USA","Silver"
"USA","Silver"
"USA","Silver"
"USA","Bronze"
"USA","Silver"
"USA","Silver"
"USA","Silver"
"USA","Silver"
"USA","Silver"
"USA","Bronze"
"USA","Bronze"
"USA","Bronze"
"USA","Silver"
"USA","Gold"
"USA","Bronze"
"USA","Gold"
"USA","Silver"
"USA","Bronze"
"USA","Silver"
"USA","Bronze"
"USA","Silver"
"USA","Gold"
"USA","Bronze"
"USA","Silver"
"USA","Gold"
"USA","Gold"
"USA","Bronze"
"USA","Gold"
"USA","Bronze"
"USA","Gold"
"USA","Silver"
"USA","Bronze"
"USA","Bronze"
"USA","Bronze"
"USA","Silver"
"USA","Gold"
"USA","Gold"
"USA","Silver"
"USA","Bronze"
"USA","Silver"
"USA","Silver"
"USA","Gold"
"USA","Gold"
"USA","Bronze"
"USA","Bronze"
"USA","Gold"
"USA","Bronze"
"USA","Bronze"
"USA","Bronze"
"USA","Bronze"
"USA","Gold"
"USA","Silver"
"USA","Gold"
"USA","Gold"
"USA","Silver"
"USA","Silver"
"USA","Bronze"
"USA","Bronze"
"USA","Bronze"
"USA","Gold"
"USA","Silver"
"USA","Gold"
"USA","Silver"
"USA","Silver"
"USA","Bronze"
"USA","Silver"
"USA","Silver"
"USA","Bronze"
"USA","Bronze"
"USA","Bronze"
"USA","Bronze"
"USA","Bronze"
"USA","Silver"
"USA","Silver"
"USA","Bronze"
"USA","Silver"
"USA","Bronze"
"USA","Bronze"
"USA","Silver"
"USA","Silver"
"USA","Silver"
"USA","Gold"
"USA","Silver"
"USA","Gold"
"USA","Silver"
"USA","Gold"
"USA","Gold"
"USA","Silver"
"USA","Silver"
"USA","Silver"
"USA","Silver"
"USA","Gold"
"USA","Gold"
"USA","Silver"
"USA","Gold"
"USA","Gold"
"USA","Gold"
"USA","Bronze"
"USA","Silver"
"USA","Silver"
"USA","Bronze"
"USA","Silver"
"USA","Silver"
"USA","Silver"
"USA","Gold"
"USA","Silver"
"USA","Silver"
"USA","Silver"
"USA","Silver"
"USA","Silver"
"USA","Silver"
"USA","Silver"
"USA","Silver"
"USA","Bronze"
"USA","Silver"
"USA","Silver"
"USA","Silver"
"USA","Silver"
"USA","Silver"
"USA","Gold"
"USA","Gold"
"USA","Gold"
"USA","Gold"
"USA","Gold"
"USA","Gold"
"USA","Gold"
"USA","Gold"
"USA","Gold"
"USA","Gold"
"USA","Gold"
"USA","Gold"
"USA","Gold"
"USA","Gold"
"USA","Gold"
"USA","Gold"
"USA","Gold"
"USA","Gold"
"USA","Silver"
"USA","Gold"
"USA","Bronze"
"USA","Gold"
"USA","Silver"
"USA","Bronze"
"USA","Silver"
"USA","Bronze"
"USA","Silver"
"USA","Silver"
"USA","Silver"
"USA","Silver"
"USA","Silver"
"USA","Silver"
"USA","Bronze"
"USA","Bronze"
"USA","Gold"
"USA","Gold"
"USA","Gold"
"USA","Silver"
"USA","Gold"
"USA","Bronze"
"USA","Bronze"
"USA","Bronze"
"USA","Gold"
"USA","Silver"
"USA","Silver"
"USA","Silver"
"USA","Silver"
"USA","Silver"
"USA","Bronze"
"USA","Bronze"
"USA","Gold"
"USA","Silver"
"USA","Silver"
"USA","Gold"
"USA","Silver"
"USA","Silver"
"USA","Gold"
"USA","Gold"
"USA","Gold"
"USA","Gold"
"USA","Gold"
"USA","Silver"
"USA","Bronze"
"USA","Silver"
"USA","Silver"
"USA","Silver"
"USA","Silver"
"USA","Gold"
"USA","Silver"
"USA","Silver"
"USA","Bronze"
"USA","Bronze"
"USA","Gold"
"USA","Silver"
"USA","Silver"
"USA","Bronze"
"USA","Bronze"
"USA","Bronze"
"USA","Silver"
"USA","Silver"
"USA","Gold"
"USA","Gold"
"USA","Gold"
"USA","Gold"
"USA","Gold"
"USA","Gold"
"USA","Gold"
"USA","Gold"
"USA","Gold"
"USA","Gold"
"USA","Gold"
"USA","Gold"
"USA","Gold"
"USA","Silver"
"USA","Silver"
"USA","Gold"
"USA","Gold"
"USA","Gold"
"USA","Silver"
"USA","Bronze"
"USA","Silver"
"USA","Bronze"
"USA","Bronze"
"USA","Gold"
"USA","Bronze"
"USA","Bronze"
"USA","Gold"
"USA","Bronze"
"USA","Bronze"
"USA","Bronze"
"USA","Bronze"
"USA","Bronze"
"USA","Bronze"
"USA","Gold"
"USA","Silver"
"USA","Gold"
"USA","Gold"
"USA","Silver"
"USA","Bronze"
"USA","Gold"
"USA","Bronze"
"USA","Bronze"
"USA","Bronze"
"USA","Bronze"
"USA","Bronze"
"USA","Bronze"
"USA","Silver"
"USA","Silver"
"USA","Silver"
"USA","Silver"
"USA","Bronze"
"USA","Silver"
"USA","Gold"
"USA","Silver"
"USA","Silver"
"USA","Silver"
"USA","Silver"
"USA","Bronze"
"USA","Bronze"
"USA","Gold"
"USA","Gold"
"USA","Silver"
"USA","Silver"
"USA","Bronze"
"USA","Bronze"
"USA","Gold"
"USA","Bronze"
"USA","Silver"
"USA","Bronze"
"USA","Silver"
"USA","Silver"
"USA","Gold"
"USA","Bronze"
"USA","Silver"
"USA","Gold"
"USA","Gold"
"USA","Silver"
"USA","Silver"
"USA","Silver"
"USA","Bronze"
"USA","Silver"
"USA","Silver"
"USA","Silver"
"USA","Silver"
"USA","Gold"
"USA","Gold"
"USA","Bronze"
"USA","Bronze"
"USA","Silver"
"USA","Bronze"
"USA","Bronze"
"USA","Bronze"
"USA","Gold"
"USA","Gold"
"USA","Gold"
"USA","Bronze"
"USA","Silver"
"USA","Gold"
"USA","Silver"
"USA","Gold"
"USA","Silver"
"USA","Silver"
"USA","Gold"
"USA","Silver"
"USA","Gold"
"USA","Gold"
"USA","Bronze"
"USA","Bronze"
"USA","Silver"
"USA","Silver"
"USA","Silver"
"USA","Silver"
"USA","Bronze"
"USA","Silver"
"USA","Silver"
"USA","Silver"
"USA","Gold"
"USA","Silver"
"USA","Silver"
"USA","Silver"
"USA","Silver"
"USA","Bronze"
"USA","Silver"
"USA","Silver"
"USA","Bronze"
"USA","Bronze"
"USA","Silver"
"USA","Silver"
"USA","Silver"
"USA","Silver"
"USA","Silver"
"USA","Silver"
"USA","Silver"
"USA","Silver"
"USA","Silver"
"USA","Gold"
"USA","Silver"
"USA","Silver"
"USA","Gold"
"USA","Gold"
"USA","Bronze"
"USA","Gold"
"USA","Bronze"
"USA","Bronze"
"USA","Bronze"
"USA","Bronze"
"USA","Bronze"
"USA","Bronze"
"USA","Gold"
"USA","Silver"
"USA","Gold"
"USA","Silver"
"USA","Silver"
"USA","Gold"
"USA","Silver"
"USA","Gold"
"USA","Silver"
"UZB","Gold"
